,Plot,F0,FM,FV,FV/FM
0,MAC Field Scanner Season 10 Range 47 Column 36,16.414632101522283,79.99399569883343,63.57936359731114,0.7948016978259074
1,MAC Field Scanner Season 10 Range 46 Column 22,18.306591042626074,87.96742329739281,69.66083225476675,0.7918935174361457
2,MAC Field Scanner Season 10 Range 47 Column 26,18.14031917654453,87.09153508957974,68.95121591303521,0.7917097320895087
3,MAC Field Scanner Season 10 Range 37 Column 30,16.11638413595352,81.00350905411345,64.88712491815993,0.8010409138548904
4,MAC Field Scanner Season 10 Range 37 Column 35,18.243344892141852,85.00497013191566,66.7616252397738,0.7853849620342109
5,MAC Field Scanner Season 10 Range 44 Column 39,16.91184655901724,80.52013401210229,63.608287453085055,0.7899674812205931
6,MAC Field Scanner Season 10 Range 48 Column 25,17.484487187071537,86.79106801406391,69.30658082699237,0.7985450854892315
7,MAC Field Scanner Season 10 Range 45 Column 22,16.820329982332407,83.9617207181449,67.1413907358125,0.7996666833592254
8,MAC Field Scanner Season 10 Range 48 Column 46,16.19574621575495,79.17098239800158,62.97523618224663,0.7954333049154666
9,MAC Field Scanner Season 10 Range 46 Column 13,19.021154523151452,93.05819071419839,74.03703619104694,0.7955993515759457
10,MAC Field Scanner Season 10 Range 39 Column 8,17.141465726774946,82.75662768398675,65.6151619572118,0.7928689676405
11,MAC Field Scanner Season 10 Range 49 Column 29,19.42542458608072,95.47531893475369,76.04989434867296,0.796539830368561
12,MAC Field Scanner Season 10 Range 43 Column 16,16.23185831974623,79.72590147206056,63.494043152314326,0.7964042046556904
13,MAC Field Scanner Season 10 Range 42 Column 4,13.823042800444528,68.82530379610714,55.00226099566261,0.7991575476165733
14,MAC Field Scanner Season 10 Range 45 Column 27,17.80166079088526,93.36160098057486,75.5599401896896,0.8093256691839599
15,MAC Field Scanner Season 10 Range 49 Column 39,18.694611424110764,87.27688355574386,68.5822721316331,0.7858011117895785
16,MAC Field Scanner Season 10 Range 49 Column 48,17.09821705267899,81.87392655296041,64.77570950028142,0.7911640766170052
17,MAC Field Scanner Season 10 Range 44 Column 12,14.843706461566262,72.79392505438253,57.95021859281626,0.7960859171905225
18,MAC Field Scanner Season 10 Range 47 Column 4,15.220324745461724,69.54536821281452,54.3250434673528,0.7811453855721019
19,MAC Field Scanner Season 10 Range 52 Column 22,16.283081126960603,85.15275908811093,68.86967796115033,0.8087779973152502
20,MAC Field Scanner Season 10 Range 47 Column 30,16.94067385159368,84.50380117251949,67.56312732092582,0.7995276707492922
21,MAC Field Scanner Season 10 Range 43 Column 12,18.42118805410386,92.05088551810812,73.62969746400425,0.7998803819168032
22,MAC Field Scanner Season 10 Range 48 Column 27,15.978664685734456,89.4572446669481,73.47857998121364,0.8213821055497127
23,MAC Field Scanner Season 10 Range 52 Column 44,17.74425404395146,84.84127466096295,67.0970206170115,0.7908535189403995
24,MAC Field Scanner Season 10 Range 44 Column 33,16.641236029938995,81.71990050748151,65.07866447754252,0.7963625025655107
25,MAC Field Scanner Season 10 Range 37 Column 4,14.593957243815519,67.24961685466218,52.65565961084666,0.782988246976105
26,MAC Field Scanner Season 10 Range 51 Column 20,17.372096812899073,82.95066659659082,65.57856978369175,0.7905731499737816
27,MAC Field Scanner Season 10 Range 41 Column 38,18.55369178144617,95.3585276781998,76.80483589675364,0.805432275086523
28,MAC Field Scanner Season 10 Range 41 Column 33,16.972480880964415,86.21064126002996,69.23816037906555,0.8031277736379232
29,MAC Field Scanner Season 10 Range 43 Column 44,18.620098988843758,90.6796858819383,72.05958689309455,0.7946607466959419
30,MAC Field Scanner Season 10 Range 51 Column 30,16.17121098807311,84.36162956848928,68.19041858041616,0.8083108271996517
31,MAC Field Scanner Season 10 Range 45 Column 18,16.813400455369987,83.70435880714763,66.89095835177764,0.7991335135353278
32,MAC Field Scanner Season 10 Range 40 Column 47,17.62446819090585,86.65906235619939,69.03459416529353,0.7966229069215743
33,MAC Field Scanner Season 10 Range 42 Column 14,18.1841223881242,88.46926440246787,70.28514201434368,0.794458306950533
34,MAC Field Scanner Season 10 Range 47 Column 44,17.68846821842407,88.64031872192528,70.95185050350122,0.80044669882207
35,MAC Field Scanner Season 10 Range 50 Column 9,17.897850758950415,84.1275868143141,66.22973605536369,0.7872534867967337
36,MAC Field Scanner Season 10 Range 41 Column 25,17.274551752842846,83.90690845987575,66.6323567070329,0.7941224141144047
37,MAC Field Scanner Season 10 Range 45 Column 11,19.2083589577282,95.16933288526897,75.96097392754078,0.7981665062117778
38,MAC Field Scanner Season 10 Range 42 Column 10,18.462842514459087,90.8696767484231,72.40683423396402,0.7968206427588126
39,MAC Field Scanner Season 10 Range 38 Column 15,16.08805457928833,77.97678415368391,61.88872957439558,0.7936814815601976
40,MAC Field Scanner Season 10 Range 40 Column 24,18.936443025047666,95.07897159430765,76.14252856925998,0.8008345830048778
41,MAC Field Scanner Season 10 Range 41 Column 32,18.12923042763257,91.3225247461293,73.19329431849673,0.8014812831989625
42,MAC Field Scanner Season 10 Range 50 Column 27,16.833836095314183,82.8844357135711,66.05059961825691,0.7968999131092849
43,MAC Field Scanner Season 10 Range 41 Column 19,16.995312715251504,81.91956299343337,64.92425027818187,0.7925365798568306
44,MAC Field Scanner Season 10 Range 51 Column 46,17.502349237390263,87.75055781143448,70.24820857404421,0.800544296538824
45,MAC Field Scanner Season 10 Range 48 Column 9,16.97454193004003,83.47938938651049,66.50484745647046,0.7966618819952346
46,MAC Field Scanner Season 10 Range 41 Column 40,18.288524776939894,86.18870185927722,67.90017708233732,0.7878083277457862
47,MAC Field Scanner Season 10 Range 50 Column 48,17.01016917103291,81.35872440904946,64.34855523801654,0.7909238462797127
48,MAC Field Scanner Season 10 Range 44 Column 45,18.154023861450995,85.72634307534649,67.5723192138955,0.7882328440687703
49,MAC Field Scanner Season 10 Range 47 Column 23,17.39626482173593,88.12451564269242,70.72825082095649,0.8025944915002947
50,MAC Field Scanner Season 10 Range 40 Column 40,18.158429934118338,89.63693556494432,71.47850563082599,0.7974224596180882
51,MAC Field Scanner Season 10 Range 44 Column 18,15.847589789712769,85.45840031870122,69.61081052898845,0.8145578465006117
52,MAC Field Scanner Season 10 Range 46 Column 29,15.831540514711113,77.39595008148807,61.56440956677695,0.7954474297680625
53,MAC Field Scanner Season 10 Range 43 Column 26,17.53328785696043,85.69941944163588,68.16613158467545,0.7954094908554057
54,MAC Field Scanner Season 10 Range 40 Column 21,17.55193110847257,88.40647102809879,70.85453991962622,0.8014632763376118
55,MAC Field Scanner Season 10 Range 44 Column 25,16.601958354800853,80.19157863050893,63.58962027570807,0.7929712990026532
56,MAC Field Scanner Season 10 Range 39 Column 13,18.37449028667626,83.55060212353122,65.17611183685496,0.7800794988944638
57,MAC Field Scanner Season 10 Range 46 Column 23,17.588429872698477,87.59362604783705,70.00519617513856,0.7992042267653926
58,MAC Field Scanner Season 10 Range 48 Column 11,17.968916721493056,88.05023112014435,70.08131439865129,0.7959242526351292
59,MAC Field Scanner Season 10 Range 49 Column 32,17.997693847854748,85.93223227084117,67.93453842298642,0.7905594516487175
60,MAC Field Scanner Season 10 Range 38 Column 10,18.646182808968895,88.72501745555394,70.07883464658505,0.7898430077141485
61,MAC Field Scanner Season 10 Range 43 Column 9,15.956355095113105,79.63301477150172,63.67665967638862,0.7996263843470183
62,MAC Field Scanner Season 10 Range 38 Column 18,17.68161461409834,86.43405820762264,68.7524435935243,0.795432321694008
63,MAC Field Scanner Season 10 Range 38 Column 6,16.51152516455764,81.17841528308946,64.66689011853182,0.7966020264502847
64,MAC Field Scanner Season 10 Range 45 Column 17,16.813400455369987,83.70435880714763,66.89095835177764,0.7991335135353278
65,MAC Field Scanner Season 10 Range 51 Column 22,18.11925227020522,91.6492696540832,73.53001738387798,0.8022979087711916
66,MAC Field Scanner Season 10 Range 46 Column 42,18.22679103264538,89.25239497539454,71.02560394274916,0.7957837317679798
67,MAC Field Scanner Season 10 Range 44 Column 4,14.007521947189128,64.32496074642667,50.31743879923754,0.7822381578683317
68,MAC Field Scanner Season 10 Range 43 Column 33,18.003123634078147,83.77337177791617,65.77024814383802,0.7850973017797999
69,MAC Field Scanner Season 10 Range 39 Column 41,18.380314565643424,92.06227808532545,73.68196351968203,0.8003491229208111
70,MAC Field Scanner Season 10 Range 46 Column 25,16.47329977816599,84.86029697371252,68.38699719554653,0.8058774201171015
71,MAC Field Scanner Season 10 Range 48 Column 41,17.238605276711937,87.31866343576714,70.0800581590552,0.8025782278562601
72,MAC Field Scanner Season 10 Range 47 Column 13,17.821341213959908,89.34794301191901,71.5266017979591,0.8005399943949181
73,MAC Field Scanner Season 10 Range 39 Column 31,17.888852307067097,83.67190558171446,65.78305327464736,0.786202403510498
74,MAC Field Scanner Season 10 Range 40 Column 39,18.158429934118338,89.63693556494432,71.47850563082599,0.7974224596180882
75,MAC Field Scanner Season 10 Range 49 Column 33,17.541898954443838,84.4585750610765,66.91667610663266,0.7923017415134183
76,MAC Field Scanner Season 10 Range 51 Column 45,17.502349237390263,87.75055781143448,70.24820857404421,0.800544296538824
77,MAC Field Scanner Season 10 Range 45 Column 8,17.932482723772157,86.1590112455836,68.22652852181145,0.7918675891874125
78,MAC Field Scanner Season 10 Range 40 Column 35,18.296015537482226,88.8270240821914,70.53100854470918,0.7940264719377184
79,MAC Field Scanner Season 10 Range 46 Column 37,17.69279381446946,83.79058159659903,66.09778778212956,0.7888450768888373
80,MAC Field Scanner Season 10 Range 52 Column 41,17.721653197791348,82.57782043067184,64.8561672328805,0.7853945150723669
81,MAC Field Scanner Season 10 Range 47 Column 45,17.78004880180387,83.64831540413292,65.86826660232904,0.7874428347313089
82,MAC Field Scanner Season 10 Range 38 Column 22,18.664912603669762,95.2635537835039,76.59864117983413,0.804070792424061
83,MAC Field Scanner Season 10 Range 39 Column 38,18.65704408309679,94.95540538222733,76.29836129913053,0.8035178302067593
84,MAC Field Scanner Season 10 Range 41 Column 36,18.147764682136344,89.04823090002022,70.90046621788387,0.7962029733918923
85,MAC Field Scanner Season 10 Range 38 Column 45,17.261098987871183,83.17988175100383,65.91878276313265,0.792484689512523
86,MAC Field Scanner Season 10 Range 41 Column 35,18.147764682136344,89.04823090002022,70.90046621788387,0.7962029733918923
87,MAC Field Scanner Season 10 Range 46 Column 43,16.96873309641982,83.94076635192603,66.9720332555062,0.7978487231665538
88,MAC Field Scanner Season 10 Range 43 Column 18,14.375346312915175,69.60850616167745,55.23315984876228,0.7934829073974663
89,MAC Field Scanner Season 10 Range 37 Column 40,18.26962322228806,88.98610097635746,70.7164777540694,0.7946912717622937
90,MAC Field Scanner Season 10 Range 45 Column 45,16.07444194894502,81.45869589315983,65.3842539442148,0.802667575601406
91,MAC Field Scanner Season 10 Range 42 Column 24,16.831516594842423,87.31320845375188,70.48169185890946,0.8072282889047909
92,MAC Field Scanner Season 10 Range 48 Column 43,16.56226134182386,77.55226887489059,60.99000753306673,0.7864374365559499
93,MAC Field Scanner Season 10 Range 44 Column 19,16.26397117143235,78.51016497229226,62.24619380085991,0.7928424787137791
94,MAC Field Scanner Season 10 Range 42 Column 27,17.787757917424788,93.24213650661976,75.45437858919497,0.8092304768653393
95,MAC Field Scanner Season 10 Range 43 Column 14,17.173398145534314,84.0779242430232,66.90452609748888,0.7957442658087581
96,MAC Field Scanner Season 10 Range 49 Column 10,18.536923863793856,87.97206285393622,69.43513899014236,0.7892862431273039
97,MAC Field Scanner Season 10 Range 42 Column 22,17.680309166498102,83.81996770936905,66.13965854287095,0.7890680508515411
98,MAC Field Scanner Season 10 Range 41 Column 12,16.188256309543064,79.37175688812727,63.1835005785842,0.7960451306078552
99,MAC Field Scanner Season 10 Range 37 Column 46,15.873706247322035,79.69757123299567,63.82386498567364,0.8008257215152105
100,MAC Field Scanner Season 10 Range 39 Column 28,18.007225634047764,90.3154037650002,72.30817813095243,0.800618445100435
101,MAC Field Scanner Season 10 Range 44 Column 36,17.73172202137406,86.54111235523001,68.80939033385596,0.7951063773182196
102,MAC Field Scanner Season 10 Range 47 Column 34,17.14032744605516,88.27236170220368,71.13203425614853,0.8058245285893687
103,MAC Field Scanner Season 10 Range 49 Column 17,17.5738462755526,86.72121462328785,69.14736834773525,0.7973523969666199
104,MAC Field Scanner Season 10 Range 42 Column 42,18.292897769010178,93.27049223261098,74.9775944636008,0.8038726146808703
105,MAC Field Scanner Season 10 Range 51 Column 11,19.685992556769335,94.53166819620735,74.84567563943801,0.7917524049622225
106,MAC Field Scanner Season 10 Range 51 Column 16,17.493839641834448,90.83307919830284,73.33923955646839,0.8074067311574601
107,MAC Field Scanner Season 10 Range 51 Column 15,17.493839641834448,90.83307919830284,73.33923955646839,0.8074067311574601
108,MAC Field Scanner Season 10 Range 39 Column 11,14.478600603984667,75.43803175193321,60.95943114794854,0.8080729273054816
109,MAC Field Scanner Season 10 Range 44 Column 13,16.492857900426117,80.15334185641426,63.66048395598814,0.7942336836064648
110,MAC Field Scanner Season 10 Range 52 Column 32,16.03752439451754,79.54705531120459,63.50953091668705,0.7983894648045058
111,MAC Field Scanner Season 10 Range 42 Column 19,17.960336847758388,89.46092174149493,71.50058489373654,0.7992381869297487
112,MAC Field Scanner Season 10 Range 39 Column 14,18.37449028667626,83.55060212353122,65.17611183685496,0.7800794988944638
113,MAC Field Scanner Season 10 Range 39 Column 39,17.518283473826084,85.2368995714275,67.71861609760141,0.7944753556041069
114,MAC Field Scanner Season 10 Range 42 Column 21,17.680309166498102,83.81996770936905,66.13965854287095,0.7890680508515411
115,MAC Field Scanner Season 10 Range 47 Column 33,17.14032744605516,88.27236170220368,71.13203425614853,0.8058245285893687
116,MAC Field Scanner Season 10 Range 43 Column 39,18.401959859010425,88.19619861351553,69.7942387545051,0.7913520066817206
117,MAC Field Scanner Season 10 Range 50 Column 40,17.440506336750943,86.51504364285962,69.07453730610868,0.7984107086769022
118,MAC Field Scanner Season 10 Range 52 Column 12,18.446309429967666,91.27071961617888,72.82441018621121,0.7978945547099879
119,MAC Field Scanner Season 10 Range 49 Column 45,17.770554587415205,88.00021994868547,70.22966536127026,0.7980623844147487
120,MAC Field Scanner Season 10 Range 44 Column 24,17.08238521882879,83.44818013192504,66.36579491309625,0.7952934960136593
121,MAC Field Scanner Season 10 Range 46 Column 19,19.462163543692803,96.4003210584725,76.9381575147797,0.7981110090713511
122,MAC Field Scanner Season 10 Range 48 Column 30,16.65319312751079,78.77421024042559,62.1210171129148,0.7885958732346052
123,MAC Field Scanner Season 10 Range 40 Column 25,15.792366575097029,83.14467887178745,67.35231229669041,0.8100616083989028
124,MAC Field Scanner Season 10 Range 45 Column 31,15.531436854323106,82.08576299291379,66.55432613859068,0.8107901262285412
125,MAC Field Scanner Season 10 Range 48 Column 42,17.238605276711937,87.31866343576714,70.0800581590552,0.8025782278562601
126,MAC Field Scanner Season 10 Range 49 Column 16,17.35448560976213,83.90284311965836,66.54835750989622,0.793159743287698
127,MAC Field Scanner Season 10 Range 42 Column 40,18.292926434629212,89.4703922252211,71.1774657905919,0.7955421231575583
128,MAC Field Scanner Season 10 Range 38 Column 27,16.966236502356285,83.87541985336135,66.90918335100507,0.7977209946368292
129,MAC Field Scanner Season 10 Range 52 Column 21,16.283081126960603,85.15275908811093,68.86967796115033,0.8087779973152502
130,MAC Field Scanner Season 10 Range 38 Column 12,17.777079912923387,93.42673972377787,75.64965981085449,0.8097217138746096
131,MAC Field Scanner Season 10 Range 51 Column 38,18.037396524102174,89.12956772579871,71.09217120169653,0.7976272410566037
132,MAC Field Scanner Season 10 Range 43 Column 10,15.956355095113105,79.63301477150172,63.67665967638862,0.7996263843470183
133,MAC Field Scanner Season 10 Range 50 Column 30,17.206818267835878,85.50009312635025,68.29327485851437,0.7987508827340338
134,MAC Field Scanner Season 10 Range 41 Column 46,16.65672100770033,81.51379707428644,64.85707606658612,0.7956576480847719
135,MAC Field Scanner Season 10 Range 44 Column 26,16.601958354800853,80.19157863050893,63.58962027570807,0.7929712990026532
136,MAC Field Scanner Season 10 Range 47 Column 21,16.84120391250029,84.3208662918206,67.4796623793203,0.8002724040545828
137,MAC Field Scanner Season 10 Range 51 Column 28,18.40052886423396,86.27498277466934,67.87445391043538,0.7867223119326263
138,MAC Field Scanner Season 10 Range 45 Column 30,17.92833992090362,87.43080315396641,69.50246323306278,0.7949425228390998
139,MAC Field Scanner Season 10 Range 38 Column 16,16.08805457928833,77.97678415368391,61.88872957439558,0.7936814815601976
140,MAC Field Scanner Season 10 Range 41 Column 9,16.470440209571098,86.20444115597881,69.73400094640772,0.8089374516126219
141,MAC Field Scanner Season 10 Range 48 Column 38,18.153710578985052,89.5991449579088,71.44543437892375,0.7973896895164215
142,MAC Field Scanner Season 10 Range 50 Column 45,17.80119713554384,83.73005194511099,65.92885480956714,0.7873977535901522
143,MAC Field Scanner Season 10 Range 39 Column 29,17.194299015328113,86.77071382780998,69.57641481248187,0.8018421393945322
144,MAC Field Scanner Season 10 Range 37 Column 39,18.26962322228806,88.98610097635746,70.7164777540694,0.7946912717622937
145,MAC Field Scanner Season 10 Range 49 Column 37,17.349728117325405,88.43475599755105,71.08502788022565,0.8038132415064746
146,MAC Field Scanner Season 10 Range 52 Column 17,18.514589133796605,89.96985612513893,71.45526699134233,0.7942134184582368
147,MAC Field Scanner Season 10 Range 41 Column 37,18.55369178144617,95.3585276781998,76.80483589675364,0.805432275086523
148,MAC Field Scanner Season 10 Range 48 Column 21,18.941648011871425,90.5919912130242,71.65034320115278,0.7909125546503252
149,MAC Field Scanner Season 10 Range 50 Column 44,17.99125514356111,85.17710422551862,67.18584908195751,0.7887782719646506
150,MAC Field Scanner Season 10 Range 44 Column 42,15.861454042013209,77.92305662926051,62.06160258724731,0.7964472297656616
151,MAC Field Scanner Season 10 Range 45 Column 41,18.275762718900687,95.47932925442083,77.20356653552014,0.8085893264896967
152,MAC Field Scanner Season 10 Range 38 Column 35,16.92833445765148,86.3780962135244,69.44976175587291,0.8040205190931149
153,MAC Field Scanner Season 10 Range 47 Column 6,17.735023778859546,87.88535745810373,70.15033367924418,0.7982027462616387
154,MAC Field Scanner Season 10 Range 52 Column 24,17.7282694332834,86.06863590101071,68.3403664677273,0.7940217217608393
155,MAC Field Scanner Season 10 Range 51 Column 9,14.056484174753008,68.50706126832856,54.450577093575546,0.794817002590484
156,MAC Field Scanner Season 10 Range 47 Column 17,15.433620360354327,77.41351774887356,61.979897388519234,0.800634039000522
157,MAC Field Scanner Season 10 Range 43 Column 4,15.377157338561007,70.53929415071082,55.16213681214981,0.7820057951571372
158,MAC Field Scanner Season 10 Range 50 Column 6,16.532188941417093,88.64114172954453,72.10895278812744,0.8134930505311077
159,MAC Field Scanner Season 10 Range 42 Column 47,17.296750423670133,86.69169030172755,69.39493987805741,0.800479718834996
160,MAC Field Scanner Season 10 Range 38 Column 5,14.287596425261661,81.17841528308946,66.89081885782781,0.8239975937515258
161,MAC Field Scanner Season 10 Range 44 Column 23,17.08238521882879,83.44818013192504,66.36579491309625,0.7952934960136593
162,MAC Field Scanner Season 10 Range 43 Column 40,18.401959859010425,88.19619861351553,69.7942387545051,0.7913520066817206
163,MAC Field Scanner Season 10 Range 52 Column 8,17.010644641807325,83.57642831253769,66.56578367073035,0.7964660014161494
164,MAC Field Scanner Season 10 Range 48 Column 32,17.149501299887543,83.44778926453645,66.2982879646489,0.794488248867538
165,MAC Field Scanner Season 10 Range 47 Column 14,17.821341213959908,89.34794301191901,71.5266017979591,0.8005399943949181
166,MAC Field Scanner Season 10 Range 44 Column 35,17.73172202137406,86.54111235523001,68.80939033385596,0.7951063773182196
167,MAC Field Scanner Season 10 Range 48 Column 45,16.19574621575495,79.17098239800158,62.97523618224663,0.7954333049154666
168,MAC Field Scanner Season 10 Range 45 Column 24,17.454512568903134,85.82167357167188,68.36716100276874,0.7966188278264414
169,MAC Field Scanner Season 10 Range 46 Column 39,16.903296002286123,81.23713088934322,64.3338348870571,0.7919264772495367
170,MAC Field Scanner Season 10 Range 45 Column 20,18.64455660334255,89.08890297049939,70.44434636715684,0.7907196521488602
171,MAC Field Scanner Season 10 Range 45 Column 42,18.275762718900687,95.47932925442083,77.20356653552014,0.8085893264896967
172,MAC Field Scanner Season 10 Range 39 Column 25,16.288600253887186,78.53068599742048,62.242085743533295,0.7925829878218278
173,MAC Field Scanner Season 10 Range 51 Column 23,15.25077487684851,73.92183196804983,58.67105709120132,0.7936905177966892
174,MAC Field Scanner Season 10 Range 42 Column 26,16.992637936804243,86.98619013992884,69.9935522031246,0.8046513140825075
175,MAC Field Scanner Season 10 Range 37 Column 22,18.802467524668863,86.66262069450325,67.86015316983438,0.7830383229356753
176,MAC Field Scanner Season 10 Range 40 Column 18,16.98174075492967,85.46733672632537,68.4855959713957,0.8013072431482586
177,MAC Field Scanner Season 10 Range 48 Column 16,18.714247465469832,91.36045299037664,72.6462055249068,0.7951603034691489
178,MAC Field Scanner Season 10 Range 51 Column 31,16.944055083168713,82.5177817484178,65.5737266652491,0.7946617719944514
179,MAC Field Scanner Season 10 Range 52 Column 14,18.856787707976185,90.18009961341765,71.32331190544147,0.7908985708730518
180,MAC Field Scanner Season 10 Range 52 Column 43,17.74425404395146,84.84127466096295,67.0970206170115,0.7908535189403995
181,MAC Field Scanner Season 10 Range 38 Column 28,16.966236502356285,83.87541985336135,66.90918335100507,0.7977209946368292
182,MAC Field Scanner Season 10 Range 38 Column 29,17.05333873064006,81.3228649177772,64.26952618713713,0.7903008121039252
183,MAC Field Scanner Season 10 Range 45 Column 36,15.255920152652283,74.51106257204007,59.255142419387795,0.7952529513600441
184,MAC Field Scanner Season 10 Range 50 Column 18,17.959141030385855,90.12712018487142,72.16797915448556,0.8007354390826255
185,MAC Field Scanner Season 10 Range 49 Column 13,17.17283569106315,89.10813984500071,71.93530415393755,0.8072809541200785
186,MAC Field Scanner Season 10 Range 39 Column 46,17.748009660466344,86.12347751148798,68.37546785102163,0.7939236759442401
187,MAC Field Scanner Season 10 Range 45 Column 28,17.80166079088526,93.36160098057486,75.5599401896896,0.8093256691839599
188,MAC Field Scanner Season 10 Range 45 Column 5,16.992217048326633,83.90977029236053,66.9175532440339,0.7974941775061244
189,MAC Field Scanner Season 10 Range 45 Column 34,18.06228437367365,87.46284166945678,69.40055729578313,0.7934861933489952
190,MAC Field Scanner Season 10 Range 52 Column 27,16.76103353228038,87.64827756991424,70.88724403763386,0.8087693906031338
191,MAC Field Scanner Season 10 Range 39 Column 18,17.58344638251911,85.55066170136602,67.96721531884691,0.7944674414804865
192,MAC Field Scanner Season 10 Range 42 Column 41,18.292897769010178,93.27049223261098,74.9775944636008,0.8038726146808703
193,MAC Field Scanner Season 10 Range 43 Column 6,18.177477581282655,91.46691299734016,73.2894354160575,0.8012671797307596
194,MAC Field Scanner Season 10 Range 39 Column 37,18.65704408309679,94.95540538222733,76.29836129913053,0.8035178302067593
195,MAC Field Scanner Season 10 Range 49 Column 5,14.693026704721106,83.49538813292473,68.80236142820362,0.8240258889349698
196,MAC Field Scanner Season 10 Range 41 Column 23,16.734693665419375,83.99331890344543,67.25862523802606,0.8007616095673425
197,MAC Field Scanner Season 10 Range 50 Column 31,16.91463793542073,83.68757456265057,66.77293662722984,0.7978835206562472
198,MAC Field Scanner Season 10 Range 50 Column 36,19.680288875324024,94.48520306764131,74.80491419231728,0.7917103606028656
199,MAC Field Scanner Season 10 Range 40 Column 34,17.540759856617548,88.02304953950471,70.48228968288717,0.8007253787686002
200,MAC Field Scanner Season 10 Range 52 Column 34,17.73959067628224,90.76988291733072,73.03029224104847,0.8045652356692065
201,MAC Field Scanner Season 10 Range 48 Column 35,17.517725164618213,92.80137692328924,75.28365175867103,0.8112342106831175
202,MAC Field Scanner Season 10 Range 46 Column 9,17.199793809250536,83.75052150539135,66.55072769614081,0.7946306064715869
203,MAC Field Scanner Season 10 Range 41 Column 11,16.188256309543064,79.37175688812727,63.1835005785842,0.7960451306078552
204,MAC Field Scanner Season 10 Range 46 Column 41,18.22679103264538,89.25239497539454,71.02560394274916,0.7957837317679798
205,MAC Field Scanner Season 10 Range 48 Column 48,17.71511761594647,88.75027914243339,71.03516152648692,0.8003936687622597
206,MAC Field Scanner Season 10 Range 52 Column 31,16.03752439451754,79.54705531120459,63.50953091668705,0.7983894648045058
207,MAC Field Scanner Season 10 Range 52 Column 46,19.146989279546258,94.44221418350114,75.29522490395487,0.7972623847811988
208,MAC Field Scanner Season 10 Range 43 Column 24,16.40176786983437,80.2123997934656,63.81063192363122,0.7955207933927128
209,MAC Field Scanner Season 10 Range 44 Column 48,16.26610563648831,80.91958560934421,64.6534799728559,0.7989843186417656
210,MAC Field Scanner Season 10 Range 37 Column 15,19.450117338259364,93.47593839594076,74.0258210576814,0.7919238076447704
211,MAC Field Scanner Season 10 Range 40 Column 33,17.540759856617548,88.02304953950471,70.48228968288717,0.8007253787686002
212,MAC Field Scanner Season 10 Range 41 Column 43,17.98150340798171,86.04518237882625,68.06367897084455,0.7910225429145404
213,MAC Field Scanner Season 10 Range 48 Column 40,17.55041634368824,87.67698496460144,70.1265686209132,0.7998286967694656
214,MAC Field Scanner Season 10 Range 52 Column 39,17.8359800231145,85.95166809187295,68.11568806875844,0.7924882620771271
215,MAC Field Scanner Season 10 Range 44 Column 16,17.493043966036854,87.71326856281586,70.220224596779,0.8005655899881418
216,MAC Field Scanner Season 10 Range 45 Column 16,17.36828876496154,82.6067060239843,65.23841725902275,0.789747229965582
217,MAC Field Scanner Season 10 Range 41 Column 15,19.006749594813922,92.0748484336851,73.06809883887118,0.7935728386400427
218,MAC Field Scanner Season 10 Range 46 Column 15,17.567725526440576,85.71690145129111,68.14917592485054,0.795049456653266
219,MAC Field Scanner Season 10 Range 41 Column 31,18.12923042763257,91.3225247461293,73.19329431849673,0.8014812831989625
220,MAC Field Scanner Season 10 Range 49 Column 11,18.74166188255694,91.87743549960095,73.13577361704401,0.7960145297847551
221,MAC Field Scanner Season 10 Range 49 Column 22,17.84024980338848,92.73448858296825,74.89423877957978,0.8076201198065911
222,MAC Field Scanner Season 10 Range 46 Column 45,17.26392854634495,84.84585998215479,67.58193143580985,0.7965259760467278
223,MAC Field Scanner Season 10 Range 38 Column 4,14.287596425261661,64.55268584833718,50.265089423075516,0.7786676690908021
224,MAC Field Scanner Season 10 Range 42 Column 35,16.906147087318548,87.6736689634498,70.76752187613125,0.8071696178887354
225,MAC Field Scanner Season 10 Range 49 Column 30,19.42542458608072,95.47531893475369,76.04989434867296,0.796539830368561
226,MAC Field Scanner Season 10 Range 39 Column 24,16.32220884188605,79.8781506322909,63.555941790404844,0.7956611574919491
227,MAC Field Scanner Season 10 Range 46 Column 38,17.69279381446946,83.79058159659903,66.09778778212956,0.7888450768888373
228,MAC Field Scanner Season 10 Range 38 Column 42,18.714013914265955,92.52892021890578,73.81490630463983,0.7977495698642958
229,MAC Field Scanner Season 10 Range 50 Column 21,18.09498896356176,88.58715806948699,70.49216910592523,0.7957380126206531
230,MAC Field Scanner Season 10 Range 49 Column 42,16.411059180361956,83.13644907539305,66.72538989503109,0.8026009125614754
231,MAC Field Scanner Season 10 Range 49 Column 24,17.81758896304252,91.97496985339218,74.15738089034966,0.8062778493818078
232,MAC Field Scanner Season 10 Range 37 Column 13,17.79591529773624,87.84340855599605,70.0474932582598,0.797413197071102
233,MAC Field Scanner Season 10 Range 43 Column 43,18.620098988843758,90.6796858819383,72.05958689309455,0.7946607466959419
234,MAC Field Scanner Season 10 Range 52 Column 19,15.98560677233257,78.49293342642274,62.507326654090164,0.7963433639880835
235,MAC Field Scanner Season 10 Range 43 Column 31,14.613305717562836,76.1948445427085,61.58153882514566,0.8082113585864483
236,MAC Field Scanner Season 10 Range 49 Column 27,17.77682570903912,90.4801648669816,72.70333915794248,0.803527925317405
237,MAC Field Scanner Season 10 Range 38 Column 14,17.32275328774923,84.81505058546199,67.49229729771275,0.7957584984248244
238,MAC Field Scanner Season 10 Range 43 Column 30,17.886496623283023,89.0231465117148,71.13664988843178,0.7990803816294082
239,MAC Field Scanner Season 10 Range 38 Column 44,16.90731696466804,87.33954105129065,70.43222408662261,0.806418527494447
240,MAC Field Scanner Season 10 Range 45 Column 40,19.727689492330768,93.22106684088857,73.4933773485578,0.7883773468715783
241,MAC Field Scanner Season 10 Range 40 Column 6,16.18290037809562,72.51841075590578,56.33551037781015,0.7768442494890483
242,MAC Field Scanner Season 10 Range 51 Column 17,17.03178742328746,82.06569061694069,65.03390319365323,0.7924615354449767
243,MAC Field Scanner Season 10 Range 39 Column 47,17.59202970630425,85.55401443008654,67.9619847237823,0.7943751696107704
244,MAC Field Scanner Season 10 Range 43 Column 20,19.247165212728788,93.32694117337489,74.0797759606461,0.7937662483015163
245,MAC Field Scanner Season 10 Range 49 Column 7,18.24591266140776,89.35833896308277,71.11242630167501,0.7958118640841587
246,MAC Field Scanner Season 10 Range 39 Column 15,18.45308046057639,89.9038677535476,71.45078729297121,0.7947465340294191
247,MAC Field Scanner Season 10 Range 44 Column 29,18.30700849715364,89.43844519905167,71.13143670189802,0.7953116419185274
248,MAC Field Scanner Season 10 Range 50 Column 23,18.0876508774778,91.56642822113928,73.47877734366148,0.8024641647723239
249,MAC Field Scanner Season 10 Range 50 Column 43,17.99125514356111,85.17710422551862,67.18584908195751,0.7887782719646506
250,MAC Field Scanner Season 10 Range 40 Column 5,14.706472864191323,72.51841075590578,57.81193789171445,0.7972035968398045
251,MAC Field Scanner Season 10 Range 43 Column 47,17.634630700468414,86.68984616907296,69.05521546860456,0.7965778983379987
252,MAC Field Scanner Season 10 Range 45 Column 32,15.531436854323106,82.08576299291379,66.55432613859068,0.8107901262285412
253,MAC Field Scanner Season 10 Range 50 Column 20,18.018265649403563,89.26559809451605,71.24733244511249,0.7981499476391175
254,MAC Field Scanner Season 10 Range 49 Column 31,17.997693847854748,85.93223227084117,67.93453842298642,0.7905594516487175
255,MAC Field Scanner Season 10 Range 42 Column 18,17.905625359523945,84.6991466544268,66.79352129490286,0.7885973346038652
256,MAC Field Scanner Season 10 Range 52 Column 5,16.4415616358814,87.03737613613268,70.59581450025128,0.8110976873870184
257,MAC Field Scanner Season 10 Range 40 Column 23,18.936443025047666,95.07897159430765,76.14252856925998,0.8008345830048778
258,MAC Field Scanner Season 10 Range 42 Column 16,17.725993601766735,85.6830577433791,67.95706414161236,0.7931213699812615
259,MAC Field Scanner Season 10 Range 48 Column 22,18.941648011871425,90.5919912130242,71.65034320115278,0.7909125546503252
260,MAC Field Scanner Season 10 Range 38 Column 46,17.261098987871183,83.17988175100383,65.91878276313265,0.792484689512523
261,MAC Field Scanner Season 10 Range 51 Column 44,17.3857059343354,83.05112457214665,65.66541863781124,0.790662606630541
262,MAC Field Scanner Season 10 Range 37 Column 24,17.153019086714384,83.59985581877774,66.44683673206336,0.7948199919878144
263,MAC Field Scanner Season 10 Range 40 Column 28,16.16455229274036,79.96932363251187,63.80477133977151,0.7978655869715447
264,MAC Field Scanner Season 10 Range 42 Column 36,16.906147087318548,87.6736689634498,70.76752187613125,0.8071696178887354
265,MAC Field Scanner Season 10 Range 38 Column 33,17.74605600488068,90.54243826205835,72.79638225717767,0.8040028925053022
266,MAC Field Scanner Season 10 Range 44 Column 7,17.85597579543017,88.51626632688101,70.66029053145084,0.7982746388162151
267,MAC Field Scanner Season 10 Range 46 Column 33,17.035502905256493,77.52209856392712,60.48659565867062,0.7802497194885857
268,MAC Field Scanner Season 10 Range 43 Column 45,19.278696471729326,91.55620812036885,72.27751164863952,0.789433214114944
269,MAC Field Scanner Season 10 Range 48 Column 15,18.714247465469832,91.36045299037664,72.6462055249068,0.7951603034691489
270,MAC Field Scanner Season 10 Range 49 Column 41,16.411059180361956,83.13644907539305,66.72538989503109,0.8026009125614754
271,MAC Field Scanner Season 10 Range 43 Column 27,17.073878552931944,88.41478120289999,71.34090264996804,0.8068888672161084
272,MAC Field Scanner Season 10 Range 47 Column 43,17.68846821842407,88.64031872192528,70.95185050350122,0.80044669882207
273,MAC Field Scanner Season 10 Range 39 Column 6,18.589045516992098,86.42213864435155,67.83309312735945,0.7849041251629908
274,MAC Field Scanner Season 10 Range 39 Column 19,17.42450298690306,87.68873181355103,70.26422882664797,0.8012914244905255
275,MAC Field Scanner Season 10 Range 37 Column 33,18.572900456018534,91.74009995075687,73.16719949473834,0.7975487222491815
276,MAC Field Scanner Season 10 Range 39 Column 12,14.478600603984667,75.43803175193321,60.95943114794854,0.8080729273054816
277,MAC Field Scanner Season 10 Range 43 Column 5,15.377157338561007,91.46691299734016,76.08975565877915,0.8318828433730111
278,MAC Field Scanner Season 10 Range 52 Column 42,17.721653197791348,82.57782043067184,64.8561672328805,0.7853945150723669
279,MAC Field Scanner Season 10 Range 51 Column 25,16.786609470214568,82.47676644783796,65.69015697762339,0.7964686275518429
280,MAC Field Scanner Season 10 Range 46 Column 46,17.26392854634495,84.84585998215479,67.58193143580985,0.7965259760467278
281,MAC Field Scanner Season 10 Range 42 Column 13,18.1841223881242,88.46926440246787,70.28514201434368,0.794458306950533
282,MAC Field Scanner Season 10 Range 48 Column 6,16.651771396104056,84.83265809731094,68.18088670120689,0.8037103661540003
283,MAC Field Scanner Season 10 Range 41 Column 29,16.66908091396138,80.71383510574474,64.04475419178335,0.7934792604994807
284,MAC Field Scanner Season 10 Range 37 Column 41,17.489162385642388,84.31161408449071,66.82245169884833,0.7925652049773821
285,MAC Field Scanner Season 10 Range 40 Column 32,16.819369558134476,83.30856107843836,66.48919152030388,0.798107549327393
286,MAC Field Scanner Season 10 Range 39 Column 20,17.42450298690306,87.68873181355103,70.26422882664797,0.8012914244905255
287,MAC Field Scanner Season 10 Range 50 Column 34,18.595177801563054,88.62548068395952,70.03030288239647,0.7901824886245313
288,MAC Field Scanner Season 10 Range 47 Column 9,17.753186169577177,84.30773463471802,66.55454846514084,0.789423992395279
289,MAC Field Scanner Season 10 Range 37 Column 45,15.873706247322035,79.69757123299567,63.82386498567364,0.8008257215152105
290,MAC Field Scanner Season 10 Range 46 Column 21,18.306591042626074,87.96742329739281,69.66083225476675,0.7918935174361457
291,MAC Field Scanner Season 10 Range 41 Column 42,18.0547379641917,84.24242030563579,66.18768234144409,0.7856811580354862
292,MAC Field Scanner Season 10 Range 51 Column 24,15.25077487684851,73.92183196804983,58.67105709120132,0.7936905177966892
293,MAC Field Scanner Season 10 Range 52 Column 33,17.73959067628224,90.76988291733072,73.03029224104847,0.8045652356692065
294,MAC Field Scanner Season 10 Range 49 Column 15,17.35448560976213,83.90284311965836,66.54835750989622,0.793159743287698
295,MAC Field Scanner Season 10 Range 39 Column 44,19.836647198145414,97.31102971456104,77.47438251641563,0.7961521190729197
296,MAC Field Scanner Season 10 Range 51 Column 41,18.011845120681546,84.61771419407627,66.60586907339473,0.7871385998519153
297,MAC Field Scanner Season 10 Range 39 Column 34,17.8850813407048,90.21757986209296,72.33249852138816,0.801756139235346
298,MAC Field Scanner Season 10 Range 49 Column 38,17.349728117325405,88.43475599755105,71.08502788022565,0.8038132415064746
299,MAC Field Scanner Season 10 Range 41 Column 28,17.750861089684683,85.02605115824227,67.27519006855758,0.7912303247313167
300,MAC Field Scanner Season 10 Range 37 Column 32,17.736695270387802,83.9509055031653,66.2142102327775,0.7887253846271015
301,MAC Field Scanner Season 10 Range 45 Column 7,17.932482723772157,86.1590112455836,68.22652852181145,0.7918675891874125
302,MAC Field Scanner Season 10 Range 52 Column 45,19.146989279546258,94.44221418350114,75.29522490395487,0.7972623847811988
303,MAC Field Scanner Season 10 Range 47 Column 29,16.94067385159368,84.50380117251949,67.56312732092582,0.7995276707492922
304,MAC Field Scanner Season 10 Range 44 Column 37,17.86509112312113,84.46768243856643,66.6025913154453,0.7884979129608006
305,MAC Field Scanner Season 10 Range 51 Column 4,14.465083135772923,68.09914116568,53.634058029907074,0.7875878772012633
306,MAC Field Scanner Season 10 Range 52 Column 38,16.522586523747663,84.63497713113762,68.11239060738995,0.8047782715395935
307,MAC Field Scanner Season 10 Range 52 Column 20,15.98560677233257,78.49293342642274,62.507326654090164,0.7963433639880835
308,MAC Field Scanner Season 10 Range 46 Column 24,17.588429872698477,87.59362604783705,70.00519617513856,0.7992042267653926
309,MAC Field Scanner Season 10 Range 46 Column 36,16.29535586462028,83.82997887420262,67.53462300958235,0.8056142195971027
310,MAC Field Scanner Season 10 Range 40 Column 10,18.043778882560318,85.6966980366361,67.65291915407579,0.7894460428936663
311,MAC Field Scanner Season 10 Range 45 Column 46,16.07444194894502,81.45869589315983,65.3842539442148,0.802667575601406
312,MAC Field Scanner Season 10 Range 48 Column 7,18.348911337341104,87.68708099013506,69.33816965279395,0.790745556470224
313,MAC Field Scanner Season 10 Range 50 Column 41,14.437581197195028,73.16977458001041,58.73219338281538,0.8026838092632406
314,MAC Field Scanner Season 10 Range 49 Column 20,17.84066497124675,84.17270000326502,66.33203503201827,0.7880468967901146
315,MAC Field Scanner Season 10 Range 37 Column 26,16.255501493773124,82.23716528034831,65.98166378657518,0.8023338786258286
316,MAC Field Scanner Season 10 Range 51 Column 8,16.798688808680605,81.52004319377268,64.72135438509207,0.7939317970091083
317,MAC Field Scanner Season 10 Range 41 Column 7,18.350182014580287,85.87296345242476,67.52278143784447,0.7863101344493995
318,MAC Field Scanner Season 10 Range 43 Column 19,19.247165212728788,93.32694117337489,74.0797759606461,0.7937662483015163
319,MAC Field Scanner Season 10 Range 49 Column 6,17.378438269343814,83.49538813292473,66.11694986358091,0.7918634950031332
320,MAC Field Scanner Season 10 Range 46 Column 31,16.498546366872333,83.20148110885215,66.70293474197982,0.801703693888726
321,MAC Field Scanner Season 10 Range 52 Column 25,16.53527416381128,78.64511189046534,62.109837726654064,0.7897482276223202
322,MAC Field Scanner Season 10 Range 52 Column 23,17.7282694332834,86.06863590101071,68.3403664677273,0.7940217217608393
323,MAC Field Scanner Season 10 Range 39 Column 16,18.45308046057639,89.9038677535476,71.45078729297121,0.7947465340294191
324,MAC Field Scanner Season 10 Range 46 Column 16,17.567725526440576,85.71690145129111,68.14917592485054,0.795049456653266
325,MAC Field Scanner Season 10 Range 47 Column 47,16.29707027922376,77.20127064909394,60.90420036987018,0.7889015278867689
326,MAC Field Scanner Season 10 Range 37 Column 20,18.742636771234285,93.7327615843137,74.99012481307942,0.8000417735011993
327,MAC Field Scanner Season 10 Range 39 Column 21,19.561396539834853,94.50648738008869,74.94509084025384,0.7930153042175581
328,MAC Field Scanner Season 10 Range 41 Column 48,16.733328919148505,84.58791696967565,67.85458805052714,0.8021782599854383
329,MAC Field Scanner Season 10 Range 49 Column 40,18.694611424110764,87.27688355574386,68.5822721316331,0.7858011117895785
330,MAC Field Scanner Season 10 Range 44 Column 44,18.847212685312904,94.77572548609196,75.92851280077906,0.8011388191580906
331,MAC Field Scanner Season 10 Range 44 Column 17,15.847589789712769,85.45840031870122,69.61081052898845,0.8145578465006117
332,MAC Field Scanner Season 10 Range 48 Column 13,18.07762880676497,89.67989324093642,71.60226443417145,0.7984204914450875
333,MAC Field Scanner Season 10 Range 37 Column 42,17.489162385642388,84.31161408449071,66.82245169884833,0.7925652049773821
334,MAC Field Scanner Season 10 Range 50 Column 14,17.947850589074825,88.61763360677713,70.66978301770231,0.7974686317091835
335,MAC Field Scanner Season 10 Range 37 Column 34,18.572900456018534,91.74009995075687,73.16719949473834,0.7975487222491815
336,MAC Field Scanner Season 10 Range 39 Column 32,17.888852307067097,83.67190558171446,65.78305327464736,0.786202403510498
337,MAC Field Scanner Season 10 Range 41 Column 30,16.66908091396138,80.71383510574474,64.04475419178335,0.7934792604994807
338,MAC Field Scanner Season 10 Range 51 Column 33,19.14743231795266,90.60083930912707,71.4534069911744,0.7886616452567039
339,MAC Field Scanner Season 10 Range 39 Column 22,19.561396539834853,94.50648738008869,74.94509084025384,0.7930153042175581
340,MAC Field Scanner Season 10 Range 49 Column 18,17.5738462755526,86.72121462328785,69.14736834773525,0.7973523969666199
341,MAC Field Scanner Season 10 Range 50 Column 24,18.0876508774778,91.56642822113928,73.47877734366148,0.8024641647723239
342,MAC Field Scanner Season 10 Range 51 Column 12,19.685992556769335,94.53166819620735,74.84567563943801,0.7917524049622225
343,MAC Field Scanner Season 10 Range 44 Column 11,14.843706461566262,72.79392505438253,57.95021859281626,0.7960859171905225
344,MAC Field Scanner Season 10 Range 51 Column 36,15.31215234056707,79.0561285977842,63.74397625721713,0.8063128993013169
345,MAC Field Scanner Season 10 Range 41 Column 18,18.34914016332787,87.11055413555282,68.76141397222494,0.7893580135562591
346,MAC Field Scanner Season 10 Range 44 Column 15,17.493043966036854,87.71326856281586,70.220224596779,0.8005655899881418
347,MAC Field Scanner Season 10 Range 42 Column 17,17.905625359523945,84.6991466544268,66.79352129490286,0.7885973346038652
348,MAC Field Scanner Season 10 Range 37 Column 21,18.802467524668863,86.66262069450325,67.86015316983438,0.7830383229356753
349,MAC Field Scanner Season 10 Range 42 Column 48,17.296750423670133,86.69169030172755,69.39493987805741,0.800479718834996
350,MAC Field Scanner Season 10 Range 46 Column 26,16.47329977816599,84.86029697371252,68.38699719554653,0.8058774201171015
351,MAC Field Scanner Season 10 Range 47 Column 16,19.20554235690837,99.57439560219399,80.36885324528562,0.8071236863577287
352,MAC Field Scanner Season 10 Range 38 Column 39,18.417585394093447,90.14936066072708,71.73177526663363,0.7956992122949471
353,MAC Field Scanner Season 10 Range 38 Column 13,17.32275328774923,84.81505058546199,67.49229729771275,0.7957584984248244
354,MAC Field Scanner Season 10 Range 50 Column 11,17.92396134511346,88.30246995396108,70.37850860884762,0.7970163082135913
355,MAC Field Scanner Season 10 Range 50 Column 42,14.437581197195028,73.16977458001041,58.73219338281538,0.8026838092632406
356,MAC Field Scanner Season 10 Range 44 Column 10,18.200329393913005,87.29871738250257,69.09838798858956,0.7915166460674606
357,MAC Field Scanner Season 10 Range 45 Column 39,19.727689492330768,93.22106684088857,73.4933773485578,0.7883773468715783
358,MAC Field Scanner Season 10 Range 52 Column 11,18.446309429967666,91.27071961617888,72.82441018621121,0.7978945547099879
359,MAC Field Scanner Season 10 Range 50 Column 33,18.595177801563054,88.62548068395952,70.03030288239647,0.7901824886245313
360,MAC Field Scanner Season 10 Range 43 Column 46,19.278696471729326,91.55620812036885,72.27751164863952,0.789433214114944
361,MAC Field Scanner Season 10 Range 49 Column 44,17.81229798723965,82.27721930414033,64.46492131690069,0.7835087508074875
362,MAC Field Scanner Season 10 Range 47 Column 32,17.359086317287435,86.06509977203746,68.70601345475002,0.7983028386271923
363,MAC Field Scanner Season 10 Range 46 Column 40,16.903296002286123,81.23713088934322,64.3338348870571,0.7919264772495367
364,MAC Field Scanner Season 10 Range 37 Column 27,19.26881169417289,95.44383222009492,76.17502052592204,0.7981135999470483
365,MAC Field Scanner Season 10 Range 38 Column 32,18.1339339417492,90.36455355508066,72.23061961333147,0.7993246994719465
366,MAC Field Scanner Season 10 Range 52 Column 4,16.4415616358814,74.42295289968455,57.98139126380315,0.7790794238164247
367,MAC Field Scanner Season 10 Range 47 Column 48,16.29707027922376,77.20127064909394,60.90420036987018,0.7889015278867689
368,MAC Field Scanner Season 10 Range 39 Column 42,18.380314565643424,92.06227808532545,73.68196351968203,0.8003491229208111
369,MAC Field Scanner Season 10 Range 42 Column 37,15.166442829471022,77.59980402663955,62.43336119716852,0.804555655523763
370,MAC Field Scanner Season 10 Range 39 Column 33,17.8850813407048,90.21757986209296,72.33249852138816,0.801756139235346
371,MAC Field Scanner Season 10 Range 39 Column 27,18.007225634047764,90.3154037650002,72.30817813095243,0.800618445100435
372,MAC Field Scanner Season 10 Range 46 Column 5,17.435921976342318,82.06287502763159,64.62695305128928,0.7875297207114493
373,MAC Field Scanner Season 10 Range 43 Column 37,17.815728607749936,88.72595688987174,70.9102282821218,0.7992049989400155
374,MAC Field Scanner Season 10 Range 46 Column 17,19.407031663639764,96.43791637831522,77.03088471467547,0.7987613960103811
375,MAC Field Scanner Season 10 Range 49 Column 14,17.17283569106315,89.10813984500071,71.93530415393755,0.8072809541200785
376,MAC Field Scanner Season 10 Range 45 Column 48,17.124264940366096,85.69926946846189,68.5750045280958,0.8001819029896401
377,MAC Field Scanner Season 10 Range 42 Column 15,17.725993601766735,85.6830577433791,67.95706414161236,0.7931213699812615
378,MAC Field Scanner Season 10 Range 43 Column 8,16.76138107157159,81.5043624184712,64.74298134689961,0.7943498903100065
379,MAC Field Scanner Season 10 Range 44 Column 40,16.91184655901724,80.52013401210229,63.608287453085055,0.7899674812205931
380,MAC Field Scanner Season 10 Range 49 Column 23,17.81758896304252,91.97496985339218,74.15738089034966,0.8062778493818078
381,MAC Field Scanner Season 10 Range 40 Column 7,13.031064971320644,67.45160082176781,54.420535850447166,0.8068086626179034
382,MAC Field Scanner Season 10 Range 51 Column 26,16.786609470214568,82.47676644783796,65.69015697762339,0.7964686275518429
383,MAC Field Scanner Season 10 Range 37 Column 48,14.841112097841663,78.18862023454453,63.34750813670287,0.8101883361885353
384,MAC Field Scanner Season 10 Range 46 Column 28,17.487950262524134,82.22794373556556,64.73999347304142,0.7873235123237043
385,MAC Field Scanner Season 10 Range 50 Column 47,17.01016917103291,81.35872440904946,64.34855523801654,0.7909238462797127
386,MAC Field Scanner Season 10 Range 40 Column 11,16.975639271294938,83.06133854509159,66.08569927379665,0.7956252623826986
387,MAC Field Scanner Season 10 Range 43 Column 41,18.303845210586772,87.08042584342859,68.77658063284181,0.7898052859376543
388,MAC Field Scanner Season 10 Range 51 Column 32,16.944055083168713,82.5177817484178,65.5737266652491,0.7946617719944514
389,MAC Field Scanner Season 10 Range 41 Column 27,17.750861089684683,85.02605115824227,67.27519006855758,0.7912303247313167
390,MAC Field Scanner Season 10 Range 43 Column 13,17.173398145534314,84.0779242430232,66.90452609748888,0.7957442658087581
391,MAC Field Scanner Season 10 Range 37 Column 18,16.777856862087,79.82223284569858,63.04437598361158,0.7898097276416752
392,MAC Field Scanner Season 10 Range 48 Column 14,18.07762880676497,89.67989324093642,71.60226443417145,0.7984204914450875
393,MAC Field Scanner Season 10 Range 37 Column 7,16.868256193558224,84.7045599460227,67.83630375246447,0.8008577554229974
394,MAC Field Scanner Season 10 Range 40 Column 29,18.628481627209435,87.25586508888372,68.62738346167428,0.7865073985773515
395,MAC Field Scanner Season 10 Range 41 Column 16,19.006749594813922,92.0748484336851,73.06809883887118,0.7935728386400427
396,MAC Field Scanner Season 10 Range 42 Column 25,16.992637936804243,86.98619013992884,69.9935522031246,0.8046513140825075
397,MAC Field Scanner Season 10 Range 52 Column 48,17.724308474117453,89.17762179510783,71.45331332099038,0.8012471277285196
398,MAC Field Scanner Season 10 Range 52 Column 35,18.18442081316514,91.84917657601846,73.66475576285333,0.8020186844232088
399,MAC Field Scanner Season 10 Range 47 Column 24,17.39626482173593,88.12451564269242,70.72825082095649,0.8025944915002947
400,MAC Field Scanner Season 10 Range 46 Column 34,17.035502905256493,77.52209856392712,60.48659565867062,0.7802497194885857
401,MAC Field Scanner Season 10 Range 38 Column 41,18.714013914265955,92.52892021890578,73.81490630463983,0.7977495698642958
402,MAC Field Scanner Season 10 Range 47 Column 20,18.75920935357418,87.8031934224002,69.04398406882602,0.7863493499225239
403,MAC Field Scanner Season 10 Range 38 Column 19,17.751103124715495,92.19538874973476,74.44428562501926,0.807462137039185
404,MAC Field Scanner Season 10 Range 42 Column 45,18.39135295390964,92.8669420818526,74.47558912794295,0.8019601750459322
405,MAC Field Scanner Season 10 Range 49 Column 19,17.84066497124675,84.17270000326502,66.33203503201827,0.7880468967901146
406,MAC Field Scanner Season 10 Range 51 Column 18,17.03178742328746,82.06569061694069,65.03390319365323,0.7924615354449767
407,MAC Field Scanner Season 10 Range 38 Column 31,18.1339339417492,90.36455355508066,72.23061961333147,0.7993246994719465
408,MAC Field Scanner Season 10 Range 47 Column 18,15.433620360354327,77.41351774887356,61.979897388519234,0.800634039000522
409,MAC Field Scanner Season 10 Range 44 Column 47,16.26610563648831,80.91958560934421,64.6534799728559,0.7989843186417656
410,MAC Field Scanner Season 10 Range 44 Column 46,18.154023861450995,85.72634307534649,67.5723192138955,0.7882328440687703
411,MAC Field Scanner Season 10 Range 51 Column 13,16.53320525251936,79.55404445331956,63.020839200800204,0.7921764334405317
412,MAC Field Scanner Season 10 Range 40 Column 16,17.78019191635675,84.07698890098453,66.29679698462778,0.7885248728722187
413,MAC Field Scanner Season 10 Range 42 Column 28,17.787757917424788,93.24213650661976,75.45437858919497,0.8092304768653393
414,MAC Field Scanner Season 10 Range 46 Column 48,16.35461535104334,81.41783409988909,65.06321874884576,0.7991273591117845
415,MAC Field Scanner Season 10 Range 50 Column 35,19.680288875324024,94.48520306764131,74.80491419231728,0.7917103606028656
416,MAC Field Scanner Season 10 Range 38 Column 25,14.654812675252511,74.87705254339615,60.22223986814363,0.8042816566963678
417,MAC Field Scanner Season 10 Range 45 Column 4,14.112247722962978,63.446906264421294,49.33465854145832,0.777573903065521
418,MAC Field Scanner Season 10 Range 50 Column 13,17.947850589074825,88.61763360677713,70.66978301770231,0.7974686317091835
419,MAC Field Scanner Season 10 Range 49 Column 34,17.541898954443838,84.4585750610765,66.91667610663266,0.7923017415134183
420,MAC Field Scanner Season 10 Range 44 Column 9,18.200329393913005,87.29871738250257,69.09838798858956,0.7915166460674606
421,MAC Field Scanner Season 10 Range 40 Column 43,18.075389472067336,92.21850403516815,74.14311456310082,0.8039938983918655
422,MAC Field Scanner Season 10 Range 41 Column 44,17.98150340798171,86.04518237882625,68.06367897084455,0.7910225429145404
423,MAC Field Scanner Season 10 Range 45 Column 44,17.78235615153145,92.61270412473169,74.83034797320025,0.8079922585179892
424,MAC Field Scanner Season 10 Range 42 Column 38,15.166442829471022,77.59980402663955,62.43336119716852,0.804555655523763
425,MAC Field Scanner Season 10 Range 51 Column 7,16.798688808680605,81.52004319377268,64.72135438509207,0.7939317970091083
426,MAC Field Scanner Season 10 Range 38 Column 21,18.664912603669762,95.2635537835039,76.59864117983413,0.804070792424061
427,MAC Field Scanner Season 10 Range 41 Column 4,13.577634209403989,61.28325491678104,47.70562070737705,0.7784446301385004
428,MAC Field Scanner Season 10 Range 50 Column 25,16.529228078788794,81.22785821397174,64.69863013518295,0.7965078922154117
429,MAC Field Scanner Season 10 Range 37 Column 19,18.742636771234285,93.7327615843137,74.99012481307942,0.8000417735011993
430,MAC Field Scanner Season 10 Range 50 Column 7,15.432304674508115,81.58132375282152,66.1490190783134,0.8108353240103635
431,MAC Field Scanner Season 10 Range 48 Column 31,17.149501299887543,83.44778926453645,66.2982879646489,0.794488248867538
432,MAC Field Scanner Season 10 Range 37 Column 44,18.12913375436256,87.8910552554176,69.76192150105504,0.793731754594617
433,MAC Field Scanner Season 10 Range 43 Column 23,16.40176786983437,80.2123997934656,63.81063192363122,0.7955207933927128
434,MAC Field Scanner Season 10 Range 38 Column 30,17.05333873064006,81.3228649177772,64.26952618713713,0.7903008121039252
435,MAC Field Scanner Season 10 Range 42 Column 32,19.23497282543765,97.06739746129337,77.83242463585572,0.8018389971451764
436,MAC Field Scanner Season 10 Range 47 Column 19,18.75920935357418,87.8031934224002,69.04398406882602,0.7863493499225239
437,MAC Field Scanner Season 10 Range 41 Column 13,17.845023235062616,89.81898060985318,71.97395737479057,0.8013223584380671
438,MAC Field Scanner Season 10 Range 44 Column 8,17.85597579543017,88.51626632688101,70.66029053145084,0.7982746388162151
439,MAC Field Scanner Season 10 Range 41 Column 34,16.972480880964415,86.21064126002996,69.23816037906555,0.8031277736379232
440,MAC Field Scanner Season 10 Range 51 Column 37,18.037396524102174,89.12956772579871,71.09217120169653,0.7976272410566037
441,MAC Field Scanner Season 10 Range 37 Column 38,17.551604920659543,87.54323543302502,69.99163051236548,0.7995092957914789
442,MAC Field Scanner Season 10 Range 50 Column 10,17.897850758950415,84.1275868143141,66.22973605536369,0.7872534867967337
443,MAC Field Scanner Season 10 Range 37 Column 28,19.26881169417289,95.44383222009492,76.17502052592204,0.7981135999470483
444,MAC Field Scanner Season 10 Range 37 Column 31,17.736695270387802,83.9509055031653,66.2142102327775,0.7887253846271015
445,MAC Field Scanner Season 10 Range 40 Column 26,15.792366575097029,83.14467887178745,67.35231229669041,0.8100616083989028
446,MAC Field Scanner Season 10 Range 46 Column 20,19.462163543692803,96.4003210584725,76.9381575147797,0.7981110090713511
447,MAC Field Scanner Season 10 Range 46 Column 14,19.021154523151452,93.05819071419839,74.03703619104694,0.7955993515759457
448,MAC Field Scanner Season 10 Range 48 Column 5,14.194249493574297,84.83265809731094,70.63840860373665,0.8326794207333199
449,MAC Field Scanner Season 10 Range 48 Column 10,16.97454193004003,83.47938938651049,66.50484745647046,0.7966618819952346
450,MAC Field Scanner Season 10 Range 37 Column 29,16.11638413595352,81.00350905411345,64.88712491815993,0.8010409138548904
451,MAC Field Scanner Season 10 Range 48 Column 26,17.484487187071537,86.79106801406391,69.30658082699237,0.7985450854892315
452,MAC Field Scanner Season 10 Range 50 Column 37,18.02951701708559,88.21299792814823,70.18348091106265,0.7956138274342395
453,MAC Field Scanner Season 10 Range 40 Column 41,17.50342659692329,86.54437588075444,69.04094928383115,0.7977520038847994
454,MAC Field Scanner Season 10 Range 52 Column 10,17.788991730149704,80.94612806982711,63.15713633967741,0.7802366567205752
455,MAC Field Scanner Season 10 Range 51 Column 48,17.471449229062593,85.30185881371628,67.8304095846537,0.7951809084580789
456,MAC Field Scanner Season 10 Range 39 Column 30,17.194299015328113,86.77071382780998,69.57641481248187,0.8018421393945322
457,MAC Field Scanner Season 10 Range 41 Column 20,16.995312715251504,81.91956299343337,64.92425027818187,0.7925365798568306
458,MAC Field Scanner Season 10 Range 50 Column 39,17.440506336750943,86.51504364285962,69.07453730610868,0.7984107086769022
459,MAC Field Scanner Season 10 Range 52 Column 28,16.76103353228038,87.64827756991424,70.88724403763386,0.8087693906031338
460,MAC Field Scanner Season 10 Range 45 Column 35,15.255920152652283,74.51106257204007,59.255142419387795,0.7952529513600441
461,MAC Field Scanner Season 10 Range 40 Column 9,18.043778882560318,85.6966980366361,67.65291915407579,0.7894460428936663
462,MAC Field Scanner Season 10 Range 49 Column 43,17.81229798723965,82.27721930414033,64.46492131690069,0.7835087508074875
463,MAC Field Scanner Season 10 Range 46 Column 6,17.435921976342318,82.06287502763159,64.62695305128928,0.7875297207114493
464,MAC Field Scanner Season 10 Range 49 Column 12,18.74166188255694,91.87743549960095,73.13577361704401,0.7960145297847551
465,MAC Field Scanner Season 10 Range 49 Column 26,17.947754420736604,87.12429933801064,69.17654491727404,0.7939982925876301
466,MAC Field Scanner Season 10 Range 39 Column 36,19.50662702523217,94.69071329592089,75.18408627068871,0.7939964084516777
467,MAC Field Scanner Season 10 Range 42 Column 11,18.269584510752725,88.40811683426288,70.13853232351016,0.7933494664861781
468,MAC Field Scanner Season 10 Range 46 Column 10,17.199793809250536,83.75052150539135,66.55072769614081,0.7946306064715869
469,MAC Field Scanner Season 10 Range 41 Column 26,17.274551752842846,83.90690845987575,66.6323567070329,0.7941224141144047
470,MAC Field Scanner Season 10 Range 50 Column 15,17.666551082795344,92.37081688658793,74.7042658037926,0.8087431541881223
471,MAC Field Scanner Season 10 Range 47 Column 40,15.871498061519322,78.7268279727837,62.85532991126438,0.7983978464494189
472,MAC Field Scanner Season 10 Range 50 Column 19,18.018265649403563,89.26559809451605,71.24733244511249,0.7981499476391175
473,MAC Field Scanner Season 10 Range 38 Column 40,18.417585394093447,90.14936066072708,71.73177526663363,0.7956992122949471
474,MAC Field Scanner Season 10 Range 46 Column 12,18.984667548696493,93.60225247787459,74.6175849291781,0.7971772361655075
475,MAC Field Scanner Season 10 Range 38 Column 24,17.527432878000717,87.07348110371015,69.54604822570943,0.7987052698958433
476,MAC Field Scanner Season 10 Range 40 Column 44,18.075389472067336,92.21850403516815,74.14311456310082,0.8039938983918655
477,MAC Field Scanner Season 10 Range 50 Column 32,16.91463793542073,83.68757456265057,66.77293662722984,0.7978835206562472
478,MAC Field Scanner Season 10 Range 40 Column 15,17.78019191635675,84.07698890098453,66.29679698462778,0.7885248728722187
479,MAC Field Scanner Season 10 Range 51 Column 42,18.011845120681546,84.61771419407627,66.60586907339473,0.7871385998519153
480,MAC Field Scanner Season 10 Range 52 Column 26,16.53527416381128,78.64511189046534,62.109837726654064,0.7897482276223202
481,MAC Field Scanner Season 10 Range 37 Column 23,17.153019086714384,83.59985581877774,66.44683673206336,0.7948199919878144
482,MAC Field Scanner Season 10 Range 41 Column 45,16.65672100770033,81.51379707428644,64.85707606658612,0.7956576480847719
483,MAC Field Scanner Season 10 Range 51 Column 19,17.372096812899073,82.95066659659082,65.57856978369175,0.7905731499737816
484,MAC Field Scanner Season 10 Range 40 Column 36,18.296015537482226,88.8270240821914,70.53100854470918,0.7940264719377184
485,MAC Field Scanner Season 10 Range 43 Column 32,14.613305717562836,76.1948445427085,61.58153882514566,0.8082113585864483
486,MAC Field Scanner Season 10 Range 47 Column 42,16.743805119491984,82.37200355807522,65.62819843858324,0.7967294178089647
487,MAC Field Scanner Season 10 Range 50 Column 16,17.666551082795344,92.37081688658793,74.7042658037926,0.8087431541881223
488,MAC Field Scanner Season 10 Range 42 Column 44,17.557588865036287,88.32477222810354,70.76718336306726,0.8012155772143646
489,MAC Field Scanner Season 10 Range 51 Column 39,16.87672252231414,78.47012285253899,61.59340033022485,0.7849280476592491
490,MAC Field Scanner Season 10 Range 47 Column 46,17.78004880180387,83.64831540413292,65.86826660232904,0.7874428347313089
491,MAC Field Scanner Season 10 Range 44 Column 14,16.492857900426117,80.15334185641426,63.66048395598814,0.7942336836064648
492,MAC Field Scanner Season 10 Range 48 Column 44,16.56226134182386,77.55226887489059,60.99000753306673,0.7864374365559499
493,MAC Field Scanner Season 10 Range 49 Column 8,18.24591266140776,89.35833896308277,71.11242630167501,0.7958118640841587
494,MAC Field Scanner Season 10 Range 37 Column 37,17.551604920659543,87.54323543302502,69.99163051236548,0.7995092957914789
495,MAC Field Scanner Season 10 Range 45 Column 6,16.992217048326633,83.90977029236053,66.9175532440339,0.7974941775061244
496,MAC Field Scanner Season 10 Range 46 Column 7,17.057039009958512,83.40444788614259,66.34740887618408,0.7954900554794933
497,MAC Field Scanner Season 10 Range 46 Column 18,19.407031663639764,96.43791637831522,77.03088471467547,0.7987613960103811
498,MAC Field Scanner Season 10 Range 45 Column 14,18.573898116158077,93.95689514561776,75.38299702945969,0.8023146881623581
499,MAC Field Scanner Season 10 Range 40 Column 37,17.98302985748321,85.93418730621138,67.95115744872817,0.7907348586028533
500,MAC Field Scanner Season 10 Range 41 Column 47,16.733328919148505,84.58791696967565,67.85458805052714,0.8021782599854383
501,MAC Field Scanner Season 10 Range 44 Column 22,17.21390362933933,84.85625522112684,67.64235159178752,0.7971404278390364
502,MAC Field Scanner Season 10 Range 38 Column 48,14.990166623693767,77.8039110281708,62.813744404477035,0.8073340218300052
503,MAC Field Scanner Season 10 Range 52 Column 30,17.49995125201607,82.98713103870902,65.48717978669295,0.789124518067105
504,MAC Field Scanner Season 10 Range 40 Column 14,17.99727820081684,88.93122551219994,70.93394731138311,0.7976270078685929
505,MAC Field Scanner Season 10 Range 44 Column 30,18.30700849715364,89.43844519905167,71.13143670189802,0.7953116419185274
506,MAC Field Scanner Season 10 Range 45 Column 33,18.06228437367365,87.46284166945678,69.40055729578313,0.7934861933489952
507,MAC Field Scanner Season 10 Range 45 Column 26,18.23089370046328,91.12650661581023,72.89561291534694,0.799938630619027
508,MAC Field Scanner Season 10 Range 52 Column 29,17.49995125201607,82.98713103870902,65.48717978669295,0.789124518067105
509,MAC Field Scanner Season 10 Range 52 Column 40,17.8359800231145,85.95166809187295,68.11568806875844,0.7924882620771271
510,MAC Field Scanner Season 10 Range 42 Column 7,17.375018738722698,83.44815745369375,66.07313871497105,0.7917866700847855
511,MAC Field Scanner Season 10 Range 44 Column 31,19.954562101098748,102.88040614436268,82.92584404326394,0.8060411807366086
512,MAC Field Scanner Season 10 Range 47 Column 12,15.857890857567856,77.13325103910378,61.27536018153593,0.7944091472362746
513,MAC Field Scanner Season 10 Range 51 Column 14,16.53320525251936,79.55404445331956,63.020839200800204,0.7921764334405317
514,MAC Field Scanner Season 10 Range 42 Column 46,18.39135295390964,92.8669420818526,74.47558912794295,0.8019601750459322
515,MAC Field Scanner Season 10 Range 46 Column 47,16.35461535104334,81.41783409988909,65.06321874884576,0.7991273591117845
516,MAC Field Scanner Season 10 Range 40 Column 8,13.031064971320644,67.45160082176781,54.420535850447166,0.8068086626179034
517,MAC Field Scanner Season 10 Range 40 Column 46,17.348191901750322,84.10946191440387,66.76127001265354,0.7937426835591321
518,MAC Field Scanner Season 10 Range 42 Column 30,17.59458308010263,85.1696182180972,67.57503513799458,0.7934171427768117
519,MAC Field Scanner Season 10 Range 38 Column 17,17.68161461409834,86.43405820762264,68.7524435935243,0.795432321694008
520,MAC Field Scanner Season 10 Range 46 Column 44,16.96873309641982,83.94076635192603,66.9720332555062,0.7978487231665538
521,MAC Field Scanner Season 10 Range 38 Column 7,17.34023227583841,84.96945519123634,67.62922291539792,0.7959239324671241
522,MAC Field Scanner Season 10 Range 52 Column 18,18.514589133796605,89.96985612513893,71.45526699134233,0.7942134184582368
523,MAC Field Scanner Season 10 Range 45 Column 15,17.36828876496154,82.6067060239843,65.23841725902275,0.789747229965582
524,MAC Field Scanner Season 10 Range 52 Column 13,18.856787707976185,90.18009961341765,71.32331190544147,0.7908985708730518
525,MAC Field Scanner Season 10 Range 39 Column 48,17.59202970630425,85.55401443008654,67.9619847237823,0.7943751696107704
526,MAC Field Scanner Season 10 Range 40 Column 20,18.686190875833553,92.12522756989304,73.4390366940595,0.7971653219346806
527,MAC Field Scanner Season 10 Range 42 Column 9,18.462842514459087,90.8696767484231,72.40683423396402,0.7968206427588126
528,MAC Field Scanner Season 10 Range 40 Column 48,17.62446819090585,86.65906235619939,69.03459416529353,0.7966229069215743
529,MAC Field Scanner Season 10 Range 43 Column 38,17.815728607749936,88.72595688987174,70.9102282821218,0.7992049989400155
530,MAC Field Scanner Season 10 Range 38 Column 11,17.777079912923387,93.42673972377787,75.64965981085449,0.8097217138746096
531,MAC Field Scanner Season 10 Range 39 Column 43,19.836647198145414,97.31102971456104,77.47438251641563,0.7961521190729197
532,MAC Field Scanner Season 10 Range 42 Column 8,17.375018738722698,83.44815745369375,66.07313871497105,0.7917866700847855
533,MAC Field Scanner Season 10 Range 47 Column 41,16.743805119491984,82.37200355807522,65.62819843858324,0.7967294178089647
534,MAC Field Scanner Season 10 Range 49 Column 9,18.536923863793856,87.97206285393622,69.43513899014236,0.7892862431273039
535,MAC Field Scanner Season 10 Range 50 Column 22,18.09498896356176,88.58715806948699,70.49216910592523,0.7957380126206531
536,MAC Field Scanner Season 10 Range 44 Column 38,17.86509112312113,84.46768243856643,66.6025913154453,0.7884979129608006
537,MAC Field Scanner Season 10 Range 48 Column 20,18.227801445883888,87.31961722020725,69.09181577432336,0.7912519313968585
538,MAC Field Scanner Season 10 Range 43 Column 35,17.557867243479137,86.25331602750961,68.69544878403048,0.7964383509860742
539,MAC Field Scanner Season 10 Range 42 Column 34,17.87555352543005,88.36110617786957,70.48555265243952,0.7976988485245213
540,MAC Field Scanner Season 10 Range 43 Column 11,18.42118805410386,92.05088551810812,73.62969746400425,0.7998803819168032
541,MAC Field Scanner Season 10 Range 38 Column 8,17.34023227583841,84.96945519123634,67.62922291539792,0.7959239324671241
542,MAC Field Scanner Season 10 Range 42 Column 33,17.87555352543005,88.36110617786957,70.48555265243952,0.7976988485245213
543,MAC Field Scanner Season 10 Range 42 Column 31,19.23497282543765,97.06739746129337,77.83242463585572,0.8018389971451764
544,MAC Field Scanner Season 10 Range 42 Column 5,13.823042800444528,76.41585765269285,62.592814852248324,0.8191076665883968
545,MAC Field Scanner Season 10 Range 39 Column 5,13.636452382987272,86.42213864435155,72.78568626136428,0.8422111209362148
546,MAC Field Scanner Season 10 Range 44 Column 27,16.36041518606697,80.25970328078223,63.89928809471526,0.7961565453484004
547,MAC Field Scanner Season 10 Range 48 Column 33,16.813130716024386,80.91545418266813,64.10232346664374,0.7922136026318478
548,MAC Field Scanner Season 10 Range 49 Column 46,17.770554587415205,88.00021994868547,70.22966536127026,0.7980623844147487
549,MAC Field Scanner Season 10 Range 39 Column 35,19.50662702523217,94.69071329592089,75.18408627068871,0.7939964084516777
550,MAC Field Scanner Season 10 Range 48 Column 19,18.227801445883888,87.31961722020725,69.09181577432336,0.7912519313968585
551,MAC Field Scanner Season 10 Range 42 Column 43,17.557588865036287,88.32477222810354,70.76718336306726,0.8012155772143646
552,MAC Field Scanner Season 10 Range 45 Column 12,19.2083589577282,95.16933288526897,75.96097392754078,0.7981665062117778
553,MAC Field Scanner Season 10 Range 38 Column 20,17.751103124715495,92.19538874973476,74.44428562501926,0.807462137039185
554,MAC Field Scanner Season 10 Range 49 Column 36,16.85095857488528,82.43333204048979,65.5823734656045,0.7955807662050056
555,MAC Field Scanner Season 10 Range 49 Column 4,14.693026704721106,66.10862056811366,51.41559386339256,0.7777441644001262
556,MAC Field Scanner Season 10 Range 52 Column 36,18.18442081316514,91.84917657601846,73.66475576285333,0.8020186844232088
557,MAC Field Scanner Season 10 Range 46 Column 27,17.487950262524134,82.22794373556556,64.73999347304142,0.7873235123237043
558,MAC Field Scanner Season 10 Range 41 Column 17,18.34914016332787,87.11055413555282,68.76141397222494,0.7893580135562591
559,MAC Field Scanner Season 10 Range 37 Column 16,19.450117338259364,93.47593839594076,74.0258210576814,0.7919238076447704
560,MAC Field Scanner Season 10 Range 39 Column 40,17.518283473826084,85.2368995714275,67.71861609760141,0.7944753556041069
561,MAC Field Scanner Season 10 Range 45 Column 25,18.23089370046328,91.12650661581023,72.89561291534694,0.799938630619027
562,MAC Field Scanner Season 10 Range 44 Column 43,18.847212685312904,94.77572548609196,75.92851280077906,0.8011388191580906
563,MAC Field Scanner Season 10 Range 40 Column 22,17.55193110847257,88.40647102809879,70.85453991962622,0.8014632763376118
564,MAC Field Scanner Season 10 Range 47 Column 27,16.566085014635384,83.9149717137996,67.34888669916421,0.8025848704193612
565,MAC Field Scanner Season 10 Range 48 Column 29,16.65319312751079,78.77421024042559,62.1210171129148,0.7885958732346052
566,MAC Field Scanner Season 10 Range 41 Column 5,13.577634209403989,89.40418598573063,75.82655177632665,0.848132007917716
567,MAC Field Scanner Season 10 Range 52 Column 15,18.988772453016747,90.96619275917355,71.9774203061568,0.7912546202380025
568,MAC Field Scanner Season 10 Range 46 Column 35,16.29535586462028,83.82997887420262,67.53462300958235,0.8056142195971027
569,MAC Field Scanner Season 10 Range 49 Column 21,17.84024980338848,92.73448858296825,74.89423877957978,0.8076201198065911
570,MAC Field Scanner Season 10 Range 50 Column 38,18.02951701708559,88.21299792814823,70.18348091106265,0.7956138274342395
571,MAC Field Scanner Season 10 Range 40 Column 30,18.628481627209435,87.25586508888372,68.62738346167428,0.7865073985773515
572,MAC Field Scanner Season 10 Range 48 Column 28,15.978664685734456,89.4572446669481,73.47857998121364,0.8213821055497127
573,MAC Field Scanner Season 10 Range 37 Column 14,17.79591529773624,87.84340855599605,70.0474932582598,0.797413197071102
574,MAC Field Scanner Season 10 Range 37 Column 5,14.593957243815519,92.77780676121411,78.18384951739858,0.8426999111826757
575,MAC Field Scanner Season 10 Range 40 Column 12,16.975639271294938,83.06133854509159,66.08569927379665,0.7956252623826986
576,MAC Field Scanner Season 10 Range 51 Column 34,19.14743231795266,90.60083930912707,71.4534069911744,0.7886616452567039
577,MAC Field Scanner Season 10 Range 42 Column 23,16.831516594842423,87.31320845375188,70.48169185890946,0.8072282889047909
578,MAC Field Scanner Season 10 Range 51 Column 5,14.465083135772923,86.17613098113276,71.71104784535983,0.8321451314756764
579,MAC Field Scanner Season 10 Range 48 Column 34,16.813130716024386,80.91545418266813,64.10232346664374,0.7922136026318478
580,MAC Field Scanner Season 10 Range 42 Column 20,17.960336847758388,89.46092174149493,71.50058489373654,0.7992381869297487
581,MAC Field Scanner Season 10 Range 50 Column 5,16.532188941417093,88.64114172954453,72.10895278812744,0.8134930505311077
582,MAC Field Scanner Season 10 Range 48 Column 4,14.194249493574297,68.74908748424691,54.55483799067262,0.7935354487893858
583,MAC Field Scanner Season 10 Range 39 Column 45,17.748009660466344,86.12347751148798,68.37546785102163,0.7939236759442401
584,MAC Field Scanner Season 10 Range 45 Column 9,16.35261370909974,83.10814932493338,66.75553561583364,0.8032369407581817
585,MAC Field Scanner Season 10 Range 41 Column 10,16.470440209571098,86.20444115597881,69.73400094640772,0.8089374516126219
586,MAC Field Scanner Season 10 Range 42 Column 12,18.269584510752725,88.40811683426288,70.13853232351016,0.7933494664861781
587,MAC Field Scanner Season 10 Range 43 Column 17,14.375346312915175,69.60850616167745,55.23315984876228,0.7934829073974663
588,MAC Field Scanner Season 10 Range 40 Column 13,17.99727820081684,88.93122551219994,70.93394731138311,0.7976270078685929
589,MAC Field Scanner Season 10 Range 41 Column 8,18.350182014580287,85.87296345242476,67.52278143784447,0.7863101344493995
590,MAC Field Scanner Season 10 Range 39 Column 9,16.615942213651227,85.67882690974555,69.06288469609433,0.8060671135103831
591,MAC Field Scanner Season 10 Range 40 Column 19,18.686190875833553,92.12522756989304,73.4390366940595,0.7971653219346806
592,MAC Field Scanner Season 10 Range 44 Column 5,18.358979422926282,86.14677356845675,67.78779414553047,0.78688720816297
593,MAC Field Scanner Season 10 Range 48 Column 36,17.517725164618213,92.80137692328924,75.28365175867103,0.8112342106831175
594,MAC Field Scanner Season 10 Range 44 Column 21,17.21390362933933,84.85625522112684,67.64235159178752,0.7971404278390364
595,MAC Field Scanner Season 10 Range 50 Column 12,17.92396134511346,88.30246995396108,70.37850860884762,0.7970163082135913
596,MAC Field Scanner Season 10 Range 37 Column 36,18.243344892141852,85.00497013191566,66.7616252397738,0.7853849620342109
597,MAC Field Scanner Season 10 Range 44 Column 28,16.36041518606697,80.25970328078223,63.89928809471526,0.7961565453484004
598,MAC Field Scanner Season 10 Range 52 Column 47,17.724308474117453,89.17762179510783,71.45331332099038,0.8012471277285196
599,MAC Field Scanner Season 10 Range 52 Column 7,17.010644641807325,83.57642831253769,66.56578367073035,0.7964660014161494
600,MAC Field Scanner Season 10 Range 47 Column 15,19.20554235690837,99.57439560219399,80.36885324528562,0.8071236863577287
601,MAC Field Scanner Season 10 Range 52 Column 9,17.788991730149704,80.94612806982711,63.15713633967741,0.7802366567205752
602,MAC Field Scanner Season 10 Range 45 Column 43,17.78235615153145,92.61270412473169,74.83034797320025,0.8079922585179892
603,MAC Field Scanner Season 10 Range 44 Column 34,16.641236029938995,81.71990050748151,65.07866447754252,0.7963625025655107
604,MAC Field Scanner Season 10 Range 51 Column 29,16.17121098807311,84.36162956848928,68.19041858041616,0.8083108271996517
605,MAC Field Scanner Season 10 Range 45 Column 38,17.245324933465145,83.14566608916368,65.90034115569854,0.7925890098111474
606,MAC Field Scanner Season 10 Range 45 Column 47,17.124264940366096,85.69926946846189,68.5750045280958,0.8001819029896401
607,MAC Field Scanner Season 10 Range 47 Column 38,17.449589203354464,85.03424650831647,67.58465730496201,0.7947933930166845
608,MAC Field Scanner Season 10 Range 50 Column 8,15.432304674508115,81.58132375282152,66.1490190783134,0.8108353240103635
609,MAC Field Scanner Season 10 Range 39 Column 10,16.615942213651227,85.67882690974555,69.06288469609433,0.8060671135103831
610,MAC Field Scanner Season 10 Range 41 Column 21,19.73663538789857,96.43106372538466,76.69442833748609,0.7953290710957587
611,MAC Field Scanner Season 10 Range 47 Column 11,15.857890857567856,77.13325103910378,61.27536018153593,0.7944091472362746
612,MAC Field Scanner Season 10 Range 43 Column 21,17.913902293181163,87.74002534098567,69.8261230478045,0.7958297570172559
613,MAC Field Scanner Season 10 Range 44 Column 41,15.861454042013209,77.92305662926051,62.06160258724731,0.7964472297656616
614,MAC Field Scanner Season 10 Range 43 Column 48,17.634630700468414,86.68984616907296,69.05521546860456,0.7965778983379987
615,MAC Field Scanner Season 10 Range 43 Column 15,16.23185831974623,79.72590147206056,63.494043152314326,0.7964042046556904
616,MAC Field Scanner Season 10 Range 47 Column 31,17.359086317287435,86.06509977203746,68.70601345475002,0.7983028386271923
617,MAC Field Scanner Season 10 Range 45 Column 10,16.35261370909974,83.10814932493338,66.75553561583364,0.8032369407581817
618,MAC Field Scanner Season 10 Range 37 Column 11,17.64353729933086,84.38361362970437,66.74007633037351,0.790912754972133
619,MAC Field Scanner Season 10 Range 47 Column 22,16.84120391250029,84.3208662918206,67.4796623793203,0.8002724040545828
620,MAC Field Scanner Season 10 Range 51 Column 6,17.808790694449897,86.17613098113276,68.36734028668286,0.7933442765218953
621,MAC Field Scanner Season 10 Range 50 Column 29,17.206818267835878,85.50009312635025,68.29327485851437,0.7987508827340338
622,MAC Field Scanner Season 10 Range 43 Column 42,18.303845210586772,87.08042584342859,68.77658063284181,0.7898052859376543
623,MAC Field Scanner Season 10 Range 37 Column 6,22.89758524117014,92.77780676121411,69.88022152004396,0.7531997571347794
624,MAC Field Scanner Season 10 Range 51 Column 35,15.31215234056707,79.0561285977842,63.74397625721713,0.8063128993013169
625,MAC Field Scanner Season 10 Range 42 Column 39,18.292926434629212,89.4703922252211,71.1774657905919,0.7955421231575583
626,MAC Field Scanner Season 10 Range 47 Column 37,17.449589203354464,85.03424650831647,67.58465730496201,0.7947933930166845
627,MAC Field Scanner Season 10 Range 47 Column 28,16.566085014635384,83.9149717137996,67.34888669916421,0.8025848704193612
628,MAC Field Scanner Season 10 Range 50 Column 28,16.833836095314183,82.8844357135711,66.05059961825691,0.7968999131092849
629,MAC Field Scanner Season 10 Range 46 Column 32,16.498546366872333,83.20148110885215,66.70293474197982,0.801703693888726
630,MAC Field Scanner Season 10 Range 49 Column 35,16.85095857488528,82.43333204048979,65.5823734656045,0.7955807662050056
631,MAC Field Scanner Season 10 Range 37 Column 17,16.777856862087,79.82223284569858,63.04437598361158,0.7898097276416752
632,MAC Field Scanner Season 10 Range 38 Column 37,18.529736292591018,82.42348000331035,63.89374371071933,0.7751886198951219
633,MAC Field Scanner Season 10 Range 39 Column 17,17.58344638251911,85.55066170136602,67.96721531884691,0.7944674414804865
634,MAC Field Scanner Season 10 Range 45 Column 29,17.92833992090362,87.43080315396641,69.50246323306278,0.7949425228390998
635,MAC Field Scanner Season 10 Range 51 Column 43,17.3857059343354,83.05112457214665,65.66541863781124,0.790662606630541
636,MAC Field Scanner Season 10 Range 38 Column 47,14.990166623693767,77.8039110281708,62.813744404477035,0.8073340218300052
637,MAC Field Scanner Season 10 Range 52 Column 6,18.214890287346737,87.03737613613268,68.82248584878594,0.790723352472651
638,MAC Field Scanner Season 10 Range 40 Column 42,17.50342659692329,86.54437588075444,69.04094928383115,0.7977520038847994
639,MAC Field Scanner Season 10 Range 51 Column 21,18.11925227020522,91.6492696540832,73.53001738387798,0.8022979087711916
640,MAC Field Scanner Season 10 Range 45 Column 37,17.245324933465145,83.14566608916368,65.90034115569854,0.7925890098111474
641,MAC Field Scanner Season 10 Range 47 Column 7,17.455111227417813,85.63323075170243,68.17811952428461,0.796164280219326
642,MAC Field Scanner Season 10 Range 38 Column 34,17.74605600488068,90.54243826205835,72.79638225717767,0.8040028925053022
643,MAC Field Scanner Season 10 Range 49 Column 47,17.09821705267899,81.87392655296041,64.77570950028142,0.7911640766170052
644,MAC Field Scanner Season 10 Range 48 Column 24,17.803892525149422,88.86366818383712,71.0597756586877,0.7996493630184437
645,MAC Field Scanner Season 10 Range 49 Column 25,17.947754420736604,87.12429933801064,69.17654491727404,0.7939982925876301
646,MAC Field Scanner Season 10 Range 51 Column 47,17.471449229062593,85.30185881371628,67.8304095846537,0.7951809084580789
647,MAC Field Scanner Season 10 Range 48 Column 17,15.920660022044185,75.98677430645256,60.06611428440837,0.7904811703437152
648,MAC Field Scanner Season 10 Range 43 Column 28,17.073878552931944,88.41478120289999,71.34090264996804,0.8068888672161084
649,MAC Field Scanner Season 10 Range 37 Column 10,17.841556889011795,86.48674649754922,68.64518960853742,0.7937076186636599
650,MAC Field Scanner Season 10 Range 48 Column 18,15.920660022044185,75.98677430645256,60.06611428440837,0.7904811703437152
651,MAC Field Scanner Season 10 Range 51 Column 27,18.40052886423396,86.27498277466934,67.87445391043538,0.7867223119326263
652,MAC Field Scanner Season 10 Range 41 Column 41,18.0547379641917,84.24242030563579,66.18768234144409,0.7856811580354862
653,MAC Field Scanner Season 10 Range 48 Column 47,17.71511761594647,88.75027914243339,71.03516152648692,0.8003936687622597
654,MAC Field Scanner Season 10 Range 43 Column 22,17.913902293181163,87.74002534098567,69.8261230478045,0.7958297570172559
655,MAC Field Scanner Season 10 Range 43 Column 34,18.003123634078147,83.77337177791617,65.77024814383802,0.7850973017797999
656,MAC Field Scanner Season 10 Range 46 Column 11,18.984667548696493,93.60225247787459,74.6175849291781,0.7971772361655075
657,MAC Field Scanner Season 10 Range 43 Column 7,16.76138107157159,81.5043624184712,64.74298134689961,0.7943498903100065
658,MAC Field Scanner Season 10 Range 37 Column 8,16.868256193558224,84.7045599460227,67.83630375246447,0.8008577554229974
659,MAC Field Scanner Season 10 Range 48 Column 39,17.55041634368824,87.67698496460144,70.1265686209132,0.7998286967694656
660,MAC Field Scanner Season 10 Range 41 Column 22,19.73663538789857,96.43106372538466,76.69442833748609,0.7953290710957587
661,MAC Field Scanner Season 10 Range 40 Column 45,17.348191901750322,84.10946191440387,66.76127001265354,0.7937426835591321
662,MAC Field Scanner Season 10 Range 38 Column 23,17.527432878000717,87.07348110371015,69.54604822570943,0.7987052698958433
663,MAC Field Scanner Season 10 Range 39 Column 26,16.288600253887186,78.53068599742048,62.242085743533295,0.7925829878218278
664,MAC Field Scanner Season 10 Range 38 Column 38,18.529736292591018,82.42348000331035,63.89374371071933,0.7751886198951219
665,MAC Field Scanner Season 10 Range 50 Column 46,17.80119713554384,83.73005194511099,65.92885480956714,0.7873977535901522
666,MAC Field Scanner Season 10 Range 37 Column 12,17.64353729933086,84.38361362970437,66.74007633037351,0.790912754972133
667,MAC Field Scanner Season 10 Range 37 Column 25,16.255501493773124,82.23716528034831,65.98166378657518,0.8023338786258286
668,MAC Field Scanner Season 10 Range 38 Column 9,18.646182808968895,88.72501745555394,70.07883464658505,0.7898430077141485
669,MAC Field Scanner Season 10 Range 50 Column 17,17.959141030385855,90.12712018487142,72.16797915448556,0.8007354390826255
670,MAC Field Scanner Season 10 Range 43 Column 29,17.886496623283023,89.0231465117148,71.13664988843178,0.7990803816294082
671,MAC Field Scanner Season 10 Range 44 Column 32,19.954562101098748,102.88040614436268,82.92584404326394,0.8060411807366086
672,MAC Field Scanner Season 10 Range 37 Column 43,18.12913375436256,87.8910552554176,69.76192150105504,0.793731754594617
673,MAC Field Scanner Season 10 Range 38 Column 26,14.654812675252511,74.87705254339615,60.22223986814363,0.8042816566963678
674,MAC Field Scanner Season 10 Range 39 Column 7,17.141465726774946,82.75662768398675,65.6151619572118,0.7928689676405
675,MAC Field Scanner Season 10 Range 40 Column 17,16.98174075492967,85.46733672632537,68.4855959713957,0.8013072431482586
676,MAC Field Scanner Season 10 Range 47 Column 39,15.871498061519322,78.7268279727837,62.85532991126438,0.7983978464494189
677,MAC Field Scanner Season 10 Range 42 Column 29,17.59458308010263,85.1696182180972,67.57503513799458,0.7934171427768117
678,MAC Field Scanner Season 10 Range 52 Column 16,18.988772453016747,90.96619275917355,71.9774203061568,0.7912546202380025
679,MAC Field Scanner Season 10 Range 48 Column 37,18.153710578985052,89.5991449579088,71.44543437892375,0.7973896895164215
680,MAC Field Scanner Season 10 Range 47 Column 8,17.455111227417813,85.63323075170243,68.17811952428461,0.796164280219326
681,MAC Field Scanner Season 10 Range 44 Column 6,18.358979422926282,86.14677356845675,67.78779414553047,0.78688720816297
682,MAC Field Scanner Season 10 Range 37 Column 47,14.841112097841663,78.18862023454453,63.34750813670287,0.8101883361885353
683,MAC Field Scanner Season 10 Range 43 Column 25,17.53328785696043,85.69941944163588,68.16613158467545,0.7954094908554057
684,MAC Field Scanner Season 10 Range 49 Column 28,17.77682570903912,90.4801648669816,72.70333915794248,0.803527925317405
685,MAC Field Scanner Season 10 Range 51 Column 10,14.056484174753008,68.50706126832856,54.450577093575546,0.794817002590484
686,MAC Field Scanner Season 10 Range 40 Column 38,17.98302985748321,85.93418730621138,67.95115744872817,0.7907348586028533
687,MAC Field Scanner Season 10 Range 45 Column 19,18.64455660334255,89.08890297049939,70.44434636715684,0.7907196521488602
688,MAC Field Scanner Season 10 Range 46 Column 30,15.831540514711113,77.39595008148807,61.56440956677695,0.7954474297680625
689,MAC Field Scanner Season 10 Range 38 Column 36,16.92833445765148,86.3780962135244,69.44976175587291,0.8040205190931149
690,MAC Field Scanner Season 10 Range 51 Column 40,16.87672252231414,78.47012285253899,61.59340033022485,0.7849280476592491
691,MAC Field Scanner Season 10 Range 40 Column 31,16.819369558134476,83.30856107843836,66.48919152030388,0.798107549327393
692,MAC Field Scanner Season 10 Range 47 Column 5,15.220324745461724,87.88535745810373,72.665032712642,0.8268161479263769
693,MAC Field Scanner Season 10 Range 48 Column 8,18.348911337341104,87.68708099013506,69.33816965279395,0.790745556470224
694,MAC Field Scanner Season 10 Range 46 Column 8,17.057039009958512,83.40444788614259,66.34740887618408,0.7954900554794933
695,MAC Field Scanner Season 10 Range 46 Column 4,16.901574401120545,80.65974286586508,63.75816846474454,0.7904583649711432
696,MAC Field Scanner Season 10 Range 47 Column 10,17.753186169577177,84.30773463471802,66.55454846514084,0.789423992395279
697,MAC Field Scanner Season 10 Range 45 Column 21,16.820329982332407,83.9617207181449,67.1413907358125,0.7996666833592254
698,MAC Field Scanner Season 10 Range 48 Column 12,17.968916721493056,88.05023112014435,70.08131439865129,0.7959242526351292
699,MAC Field Scanner Season 10 Range 45 Column 13,18.573898116158077,93.95689514561776,75.38299702945969,0.8023146881623581
700,MAC Field Scanner Season 10 Range 41 Column 24,16.734693665419375,83.99331890344543,67.25862523802606,0.8007616095673425
701,MAC Field Scanner Season 10 Range 38 Column 43,16.90731696466804,87.33954105129065,70.43222408662261,0.806418527494447
702,MAC Field Scanner Season 10 Range 50 Column 26,16.529228078788794,81.22785821397174,64.69863013518295,0.7965078922154117
703,MAC Field Scanner Season 10 Range 48 Column 23,17.803892525149422,88.86366818383712,71.0597756586877,0.7996493630184437
704,MAC Field Scanner Season 10 Range 52 Column 37,16.522586523747663,84.63497713113762,68.11239060738995,0.8047782715395935
705,MAC Field Scanner Season 10 Range 50 Column 4,14.910917733498357,73.22414359668944,58.313225863191086,0.7963661027484861
706,MAC Field Scanner Season 10 Range 41 Column 14,17.845023235062616,89.81898060985318,71.97395737479057,0.8013223584380671
707,MAC Field Scanner Season 10 Range 45 Column 23,17.454512568903134,85.82167357167188,68.36716100276874,0.7966188278264414
708,MAC Field Scanner Season 10 Range 39 Column 23,16.32220884188605,79.8781506322909,63.555941790404844,0.7956611574919491
709,MAC Field Scanner Season 10 Range 40 Column 4,14.706472864191323,67.74387996955454,53.037407105363215,0.7829106795949581
710,MAC Field Scanner Season 10 Range 43 Column 36,17.557867243479137,86.25331602750961,68.69544878403048,0.7964383509860742
711,MAC Field Scanner Season 10 Range 39 Column 4,13.636452382987272,64.22066776228358,50.58421537929631,0.7876625569596478
712,MAC Field Scanner Season 10 Range 42 Column 6,14.620485211012499,76.41585765269285,61.79537244168035,0.8086721047159865
713,MAC Field Scanner Season 10 Range 47 Column 35,16.414632101522283,79.99399569883343,63.57936359731114,0.7948016978259074
714,MAC Field Scanner Season 10 Range 37 Column 9,17.841556889011795,86.48674649754922,68.64518960853742,0.7937076186636599
715,MAC Field Scanner Season 10 Range 47 Column 25,18.14031917654453,87.09153508957974,68.95121591303521,0.7917097320895087
716,MAC Field Scanner Season 10 Range 40 Column 27,16.16455229274036,79.96932363251187,63.80477133977151,0.7978655869715447
717,MAC Field Scanner Season 10 Range 41 Column 6,18.52742215454066,89.40418598573063,70.87676383118998,0.792767844701391
718,MAC Field Scanner Season 10 Range 44 Column 20,16.26397117143235,78.51016497229226,62.24619380085991,0.7928424787137791
719,MAC Field Scanner Season 10 Range 41 Column 39,18.288524776939894,86.18870185927722,67.90017708233732,0.7878083277457862
